2025-09-23 13:14:33,908 - apscheduler.scheduler - INFO - [base.py:507] - Adding job tentatively -- it will be properly scheduled when the scheduler starts
2025-09-23 13:14:44,429 - apscheduler.scheduler - INFO - [base.py:507] - Adding job tentatively -- it will be properly scheduled when the scheduler starts
2025-09-23 13:14:48,580 - apscheduler.scheduler - INFO - [base.py:507] - Adding job tentatively -- it will be properly scheduled when the scheduler starts
2025-09-23 13:14:51,894 - apscheduler.scheduler - INFO - [base.py:507] - Adding job tentatively -- it will be properly scheduled when the scheduler starts
2025-09-23 13:18:10,071 - apscheduler.scheduler - INFO - [base.py:507] - Adding job tentatively -- it will be properly scheduled when the scheduler starts
2025-09-23 13:18:15,879 - apscheduler.scheduler - INFO - [base.py:507] - Adding job tentatively -- it will be properly scheduled when the scheduler starts
2025-09-23 13:18:20,865 - apscheduler.scheduler - INFO - [base.py:507] - Adding job tentatively -- it will be properly scheduled when the scheduler starts
2025-09-23 13:18:25,043 - apscheduler.scheduler - INFO - [base.py:507] - Adding job tentatively -- it will be properly scheduled when the scheduler starts
2025-09-23 13:18:32,320 - apscheduler.scheduler - INFO - [base.py:507] - Adding job tentatively -- it will be properly scheduled when the scheduler starts
2025-09-23 13:18:35,779 - apscheduler.scheduler - INFO - [base.py:507] - Adding job tentatively -- it will be properly scheduled when the scheduler starts
2025-09-23 13:18:38,194 - apscheduler.scheduler - INFO - [base.py:507] - Adding job tentatively -- it will be properly scheduled when the scheduler starts
2025-09-23 13:19:03,943 - apscheduler.scheduler - INFO - [base.py:507] - Adding job tentatively -- it will be properly scheduled when the scheduler starts
2025-09-23 13:19:05,865 - apscheduler.scheduler - INFO - [base.py:507] - Adding job tentatively -- it will be properly scheduled when the scheduler starts
2025-09-23 13:19:08,009 - apscheduler.scheduler - INFO - [base.py:507] - Adding job tentatively -- it will be properly scheduled when the scheduler starts
2025-09-23 13:19:59,363 - apscheduler.scheduler - INFO - [base.py:507] - Adding job tentatively -- it will be properly scheduled when the scheduler starts
2025-09-23 13:20:02,575 - apscheduler.scheduler - INFO - [base.py:507] - Adding job tentatively -- it will be properly scheduled when the scheduler starts
2025-09-23 13:20:04,827 - apscheduler.scheduler - INFO - [base.py:507] - Adding job tentatively -- it will be properly scheduled when the scheduler starts
2025-09-23 13:20:08,179 - apscheduler.scheduler - INFO - [base.py:507] - Adding job tentatively -- it will be properly scheduled when the scheduler starts
2025-09-23 13:20:12,592 - apscheduler.scheduler - INFO - [base.py:507] - Adding job tentatively -- it will be properly scheduled when the scheduler starts
2025-09-23 13:20:23,340 - apscheduler.scheduler - INFO - [base.py:507] - Adding job tentatively -- it will be properly scheduled when the scheduler starts
2025-09-23 13:20:26,366 - apscheduler.scheduler - INFO - [base.py:507] - Adding job tentatively -- it will be properly scheduled when the scheduler starts
2025-09-23 13:23:35,716 - apscheduler.scheduler - INFO - [base.py:507] - Adding job tentatively -- it will be properly scheduled when the scheduler starts
2025-09-23 13:23:41,028 - apscheduler.scheduler - INFO - [base.py:507] - Adding job tentatively -- it will be properly scheduled when the scheduler starts
2025-09-23 13:23:43,974 - apscheduler.scheduler - INFO - [base.py:507] - Adding job tentatively -- it will be properly scheduled when the scheduler starts
2025-09-23 13:23:49,569 - apscheduler.scheduler - INFO - [base.py:507] - Adding job tentatively -- it will be properly scheduled when the scheduler starts
2025-09-23 13:23:56,094 - apscheduler.scheduler - INFO - [base.py:507] - Adding job tentatively -- it will be properly scheduled when the scheduler starts
2025-09-23 13:24:00,846 - apscheduler.scheduler - INFO - [base.py:507] - Adding job tentatively -- it will be properly scheduled when the scheduler starts
2025-09-23 13:24:05,499 - apscheduler.scheduler - INFO - [base.py:507] - Adding job tentatively -- it will be properly scheduled when the scheduler starts
2025-09-23 13:24:15,162 - auth.auth_route - INFO - [auth_route.py:78] - Login called
2025-09-23 13:26:53,238 - apscheduler.scheduler - INFO: [base.py:507] - Adding job tentatively -- it will be properly scheduled when the scheduler starts
2025-09-23 13:27:49,242 - auth.auth_route - INFO: [auth_route.py:78] - Login called
2025-09-23 13:29:16,749 - apscheduler.scheduler - INFO: [base.py:507] - Adding job tentatively -- it will be properly scheduled when the scheduler starts
2025-09-23 13:29:22,573 - apscheduler.scheduler - INFO: [base.py:507] - Adding job tentatively -- it will be properly scheduled when the scheduler starts
2025-09-23 13:29:43,885 - auth.auth_route - INFO: [auth_route.py:78] - Login called
2025-09-23 13:31:38,720 - auth.auth_route - INFO: [auth_route.py:78] - Login called
2025-09-23 13:32:12,809 - apscheduler.scheduler - INFO: [base.py:507] - Adding job tentatively -- it will be properly scheduled when the scheduler starts
2025-09-23 13:32:21,291 - apscheduler.scheduler - INFO: [base.py:507] - Adding job tentatively -- it will be properly scheduled when the scheduler starts
2025-09-23 13:32:26,016 - apscheduler.scheduler - INFO: [base.py:507] - Adding job tentatively -- it will be properly scheduled when the scheduler starts
2025-09-23 13:32:39,088 - apscheduler.scheduler - INFO: [base.py:507] - Adding job tentatively -- it will be properly scheduled when the scheduler starts
2025-09-23 13:32:42,299 - apscheduler.scheduler - INFO: [base.py:507] - Adding job tentatively -- it will be properly scheduled when the scheduler starts
2025-09-23 13:32:48,114 - apscheduler.scheduler - INFO: [base.py:507] - Adding job tentatively -- it will be properly scheduled when the scheduler starts
2025-09-23 13:32:52,651 - apscheduler.scheduler - INFO: [base.py:507] - Adding job tentatively -- it will be properly scheduled when the scheduler starts
2025-09-23 13:33:04,850 - auth.auth_route - INFO: [auth_route.py:78] - Login called
2025-09-23 13:33:26,959 - auth.auth_route - INFO: [auth_route.py:143] - Refresh token validattion failed
2025-09-23 13:35:27,483 - apscheduler.scheduler - INFO: [base.py:507] - Adding job tentatively -- it will be properly scheduled when the scheduler starts
2025-09-23 13:35:30,734 - apscheduler.scheduler - INFO: [base.py:507] - Adding job tentatively -- it will be properly scheduled when the scheduler starts
2025-09-23 13:35:37,933 - apscheduler.scheduler - INFO: [base.py:507] - Adding job tentatively -- it will be properly scheduled when the scheduler starts
2025-09-23 13:35:41,747 - apscheduler.scheduler - INFO: [base.py:507] - Adding job tentatively -- it will be properly scheduled when the scheduler starts
2025-09-23 13:35:49,810 - apscheduler.scheduler - INFO: [base.py:507] - Adding job tentatively -- it will be properly scheduled when the scheduler starts
2025-09-23 13:36:00,950 - apscheduler.scheduler - INFO: [base.py:507] - Adding job tentatively -- it will be properly scheduled when the scheduler starts
2025-09-23 13:38:01,741 - apscheduler.scheduler - INFO: [base.py:507] - Adding job tentatively -- it will be properly scheduled when the scheduler starts
2025-09-23 13:38:05,155 - apscheduler.scheduler - INFO: [base.py:507] - Adding job tentatively -- it will be properly scheduled when the scheduler starts
2025-09-23 13:38:27,251 - apscheduler.scheduler - INFO: [base.py:507] - Adding job tentatively -- it will be properly scheduled when the scheduler starts
2025-09-23 13:38:36,001 - apscheduler.scheduler - INFO: [base.py:507] - Adding job tentatively -- it will be properly scheduled when the scheduler starts
2025-09-23 13:38:38,874 - apscheduler.scheduler - INFO: [base.py:507] - Adding job tentatively -- it will be properly scheduled when the scheduler starts
2025-09-23 13:38:46,867 - apscheduler.scheduler - INFO: [base.py:507] - Adding job tentatively -- it will be properly scheduled when the scheduler starts
2025-09-23 13:38:49,637 - apscheduler.scheduler - INFO: [base.py:507] - Adding job tentatively -- it will be properly scheduled when the scheduler starts
2025-09-23 13:38:53,819 - apscheduler.scheduler - INFO: [base.py:507] - Adding job tentatively -- it will be properly scheduled when the scheduler starts
2025-09-23 13:39:01,575 - apscheduler.scheduler - INFO: [base.py:507] - Adding job tentatively -- it will be properly scheduled when the scheduler starts
2025-09-23 13:39:16,831 - apscheduler.scheduler - INFO: [base.py:507] - Adding job tentatively -- it will be properly scheduled when the scheduler starts
2025-09-23 13:39:21,454 - apscheduler.scheduler - INFO: [base.py:507] - Adding job tentatively -- it will be properly scheduled when the scheduler starts
2025-09-23 13:39:26,051 - apscheduler.scheduler - INFO: [base.py:507] - Adding job tentatively -- it will be properly scheduled when the scheduler starts
2025-09-23 13:39:29,188 - apscheduler.scheduler - INFO: [base.py:507] - Adding job tentatively -- it will be properly scheduled when the scheduler starts
2025-09-23 13:39:31,720 - apscheduler.scheduler - INFO: [base.py:507] - Adding job tentatively -- it will be properly scheduled when the scheduler starts
2025-09-23 13:39:58,694 - apscheduler.scheduler - INFO: [base.py:507] - Adding job tentatively -- it will be properly scheduled when the scheduler starts
2025-09-23 13:40:05,888 - apscheduler.scheduler - INFO: [base.py:507] - Adding job tentatively -- it will be properly scheduled when the scheduler starts
2025-09-23 13:40:15,710 - apscheduler.scheduler - INFO: [base.py:507] - Adding job tentatively -- it will be properly scheduled when the scheduler starts
2025-09-23 13:40:22,304 - apscheduler.scheduler - INFO: [base.py:507] - Adding job tentatively -- it will be properly scheduled when the scheduler starts
2025-09-23 13:40:41,284 - apscheduler.scheduler - INFO: [base.py:507] - Adding job tentatively -- it will be properly scheduled when the scheduler starts
2025-09-23 13:40:46,324 - apscheduler.scheduler - INFO: [base.py:507] - Adding job tentatively -- it will be properly scheduled when the scheduler starts
2025-09-23 13:40:53,681 - apscheduler.scheduler - INFO: [base.py:507] - Adding job tentatively -- it will be properly scheduled when the scheduler starts
2025-09-23 13:41:01,536 - apscheduler.scheduler - INFO: [base.py:507] - Adding job tentatively -- it will be properly scheduled when the scheduler starts
2025-09-23 13:41:04,157 - apscheduler.scheduler - INFO: [base.py:507] - Adding job tentatively -- it will be properly scheduled when the scheduler starts
2025-09-23 13:41:17,894 - apscheduler.scheduler - INFO: [base.py:507] - Adding job tentatively -- it will be properly scheduled when the scheduler starts
2025-09-23 13:41:24,127 - apscheduler.scheduler - INFO: [base.py:507] - Adding job tentatively -- it will be properly scheduled when the scheduler starts
2025-09-23 13:41:29,929 - apscheduler.scheduler - INFO: [base.py:507] - Adding job tentatively -- it will be properly scheduled when the scheduler starts
2025-09-23 13:41:33,694 - apscheduler.scheduler - INFO: [base.py:507] - Adding job tentatively -- it will be properly scheduled when the scheduler starts
2025-09-23 13:41:38,202 - apscheduler.scheduler - INFO: [base.py:507] - Adding job tentatively -- it will be properly scheduled when the scheduler starts
2025-09-23 13:41:42,220 - apscheduler.scheduler - INFO: [base.py:507] - Adding job tentatively -- it will be properly scheduled when the scheduler starts
2025-09-23 13:41:45,267 - apscheduler.scheduler - INFO: [base.py:507] - Adding job tentatively -- it will be properly scheduled when the scheduler starts
2025-09-23 13:41:48,392 - apscheduler.scheduler - INFO: [base.py:507] - Adding job tentatively -- it will be properly scheduled when the scheduler starts
2025-09-23 13:42:05,029 - apscheduler.scheduler - INFO: [base.py:507] - Adding job tentatively -- it will be properly scheduled when the scheduler starts
2025-09-23 13:42:09,576 - apscheduler.scheduler - INFO: [base.py:507] - Adding job tentatively -- it will be properly scheduled when the scheduler starts
2025-09-23 13:43:43,224 - auth.auth_route - INFO: [auth_route.py:94] - Login called
2025-09-23 13:46:42,108 - auth.auth_route - INFO: [auth_route.py:159] - Refresh token validattion failed
2025-09-23 13:46:52,630 - auth.auth_route - INFO: [auth_route.py:159] - Refresh token validattion failed
2025-09-23 13:59:59,828 - apscheduler.scheduler - INFO: [base.py:507] - Adding job tentatively -- it will be properly scheduled when the scheduler starts
2025-09-23 14:01:29,981 - auth.auth_route - INFO: [auth_route.py:94] - Login called
2025-09-23 14:02:10,957 - auth.auth_route - INFO: [auth_route.py:159] - Refresh token validattion failed
2025-09-23 14:03:04,206 - apscheduler.scheduler - INFO: [base.py:507] - Adding job tentatively -- it will be properly scheduled when the scheduler starts
2025-09-23 14:03:08,374 - apscheduler.scheduler - INFO: [base.py:507] - Adding job tentatively -- it will be properly scheduled when the scheduler starts
2025-09-23 14:03:13,819 - apscheduler.scheduler - INFO: [base.py:507] - Adding job tentatively -- it will be properly scheduled when the scheduler starts
2025-09-23 14:03:19,225 - apscheduler.scheduler - INFO: [base.py:507] - Adding job tentatively -- it will be properly scheduled when the scheduler starts
2025-09-23 14:03:24,322 - apscheduler.scheduler - INFO: [base.py:507] - Adding job tentatively -- it will be properly scheduled when the scheduler starts
2025-09-23 14:03:29,744 - apscheduler.scheduler - INFO: [base.py:507] - Adding job tentatively -- it will be properly scheduled when the scheduler starts
2025-09-23 14:03:34,149 - apscheduler.scheduler - INFO: [base.py:507] - Adding job tentatively -- it will be properly scheduled when the scheduler starts
2025-09-23 14:07:29,910 - apscheduler.scheduler - INFO: [base.py:507] - Adding job tentatively -- it will be properly scheduled when the scheduler starts
2025-09-23 14:07:33,618 - apscheduler.scheduler - INFO: [base.py:507] - Adding job tentatively -- it will be properly scheduled when the scheduler starts
2025-09-23 14:07:35,788 - apscheduler.scheduler - INFO: [base.py:507] - Adding job tentatively -- it will be properly scheduled when the scheduler starts
2025-09-23 14:07:39,355 - apscheduler.scheduler - INFO: [base.py:507] - Adding job tentatively -- it will be properly scheduled when the scheduler starts
2025-09-23 14:07:48,599 - apscheduler.scheduler - INFO: [base.py:507] - Adding job tentatively -- it will be properly scheduled when the scheduler starts
2025-09-23 14:07:54,560 - apscheduler.scheduler - INFO: [base.py:507] - Adding job tentatively -- it will be properly scheduled when the scheduler starts
2025-09-23 14:08:00,841 - apscheduler.scheduler - INFO: [base.py:507] - Adding job tentatively -- it will be properly scheduled when the scheduler starts
2025-09-23 14:08:04,804 - apscheduler.scheduler - INFO: [base.py:507] - Adding job tentatively -- it will be properly scheduled when the scheduler starts
2025-09-23 14:08:09,356 - apscheduler.scheduler - INFO: [base.py:507] - Adding job tentatively -- it will be properly scheduled when the scheduler starts
2025-09-23 14:08:11,617 - apscheduler.scheduler - INFO: [base.py:507] - Adding job tentatively -- it will be properly scheduled when the scheduler starts
2025-09-23 14:08:16,980 - apscheduler.scheduler - INFO: [base.py:507] - Adding job tentatively -- it will be properly scheduled when the scheduler starts
2025-09-23 14:08:20,604 - apscheduler.scheduler - INFO: [base.py:507] - Adding job tentatively -- it will be properly scheduled when the scheduler starts
2025-09-23 14:08:27,733 - apscheduler.scheduler - INFO: [base.py:507] - Adding job tentatively -- it will be properly scheduled when the scheduler starts
2025-09-23 14:09:33,808 - auth.auth_route - INFO: [auth_route.py:94] - Login called
2025-09-23 14:10:18,267 - apscheduler.scheduler - INFO: [base.py:507] - Adding job tentatively -- it will be properly scheduled when the scheduler starts
2025-09-23 14:10:23,882 - apscheduler.scheduler - INFO: [base.py:507] - Adding job tentatively -- it will be properly scheduled when the scheduler starts
2025-09-23 14:10:28,335 - apscheduler.scheduler - INFO: [base.py:507] - Adding job tentatively -- it will be properly scheduled when the scheduler starts
2025-09-23 14:10:31,482 - auth.auth_route - INFO: [auth_route.py:95] - Login called
2025-09-23 14:11:17,568 - apscheduler.scheduler - INFO: [base.py:507] - Adding job tentatively -- it will be properly scheduled when the scheduler starts
2025-09-23 14:11:21,777 - apscheduler.scheduler - INFO: [base.py:507] - Adding job tentatively -- it will be properly scheduled when the scheduler starts
2025-09-23 14:11:30,640 - apscheduler.scheduler - INFO: [base.py:507] - Adding job tentatively -- it will be properly scheduled when the scheduler starts
2025-09-23 14:11:35,185 - apscheduler.scheduler - INFO: [base.py:507] - Adding job tentatively -- it will be properly scheduled when the scheduler starts
2025-09-23 14:11:40,364 - apscheduler.scheduler - INFO: [base.py:507] - Adding job tentatively -- it will be properly scheduled when the scheduler starts
2025-09-23 14:11:52,232 - apscheduler.scheduler - INFO: [base.py:507] - Adding job tentatively -- it will be properly scheduled when the scheduler starts
2025-09-23 14:11:55,891 - apscheduler.scheduler - INFO: [base.py:507] - Adding job tentatively -- it will be properly scheduled when the scheduler starts
2025-09-23 14:12:15,685 - auth.auth_route - INFO: [auth_route.py:95] - Login called
2025-09-23 14:25:16,037 - apscheduler.scheduler - INFO: [base.py:507] - Adding job tentatively -- it will be properly scheduled when the scheduler starts
2025-09-23 14:25:27,205 - apscheduler.scheduler - INFO: [base.py:507] - Adding job tentatively -- it will be properly scheduled when the scheduler starts
2025-09-23 14:25:59,568 - apscheduler.scheduler - INFO: [base.py:507] - Adding job tentatively -- it will be properly scheduled when the scheduler starts
2025-09-23 22:53:56,118 - apscheduler.scheduler - INFO: [base.py:507] - Adding job tentatively -- it will be properly scheduled when the scheduler starts
2025-09-23 22:53:58,335 - apscheduler.scheduler - INFO: [base.py:507] - Adding job tentatively -- it will be properly scheduled when the scheduler starts
2025-09-23 22:54:35,316 - auth.auth_route - INFO: [auth_route.py:95] - Login called
2025-09-23 22:54:58,526 - apscheduler.scheduler - INFO: [base.py:507] - Adding job tentatively -- it will be properly scheduled when the scheduler starts
2025-09-23 22:55:00,392 - apscheduler.scheduler - INFO: [base.py:507] - Adding job tentatively -- it will be properly scheduled when the scheduler starts
2025-09-23 22:55:09,846 - auth.auth_route - INFO: [auth_route.py:94] - Login called
2025-09-23 22:55:47,100 - auth.auth_route - INFO: [auth_route.py:137] - Refresh token validattion success
2025-09-23 22:55:47,730 - auth.auth_route - INFO: [auth_route.py:151] - Browser token has been matched with database
2025-09-23 22:55:47,817 - auth.auth_route - INFO: [auth_route.py:160] - Refresh token validattion failed
2025-09-23 22:56:18,609 - apscheduler.scheduler - INFO: [base.py:507] - Adding job tentatively -- it will be properly scheduled when the scheduler starts
2025-09-23 22:58:30,485 - apscheduler.scheduler - INFO: [base.py:507] - Adding job tentatively -- it will be properly scheduled when the scheduler starts
2025-09-23 22:58:34,842 - apscheduler.scheduler - INFO: [base.py:507] - Adding job tentatively -- it will be properly scheduled when the scheduler starts
2025-09-23 22:58:37,971 - apscheduler.scheduler - INFO: [base.py:507] - Adding job tentatively -- it will be properly scheduled when the scheduler starts
2025-09-23 22:58:45,417 - auth.auth_route - INFO: [auth_route.py:159] - Refresh token validattion failed
2025-09-23 22:59:56,316 - apscheduler.scheduler - INFO: [base.py:507] - Adding job tentatively -- it will be properly scheduled when the scheduler starts
2025-09-23 22:59:59,553 - apscheduler.scheduler - INFO: [base.py:507] - Adding job tentatively -- it will be properly scheduled when the scheduler starts
2025-09-23 23:00:02,024 - apscheduler.scheduler - INFO: [base.py:507] - Adding job tentatively -- it will be properly scheduled when the scheduler starts
2025-09-23 23:00:06,053 - apscheduler.scheduler - INFO: [base.py:507] - Adding job tentatively -- it will be properly scheduled when the scheduler starts
2025-09-23 23:00:08,811 - apscheduler.scheduler - INFO: [base.py:507] - Adding job tentatively -- it will be properly scheduled when the scheduler starts
2025-09-23 23:00:12,948 - apscheduler.scheduler - INFO: [base.py:507] - Adding job tentatively -- it will be properly scheduled when the scheduler starts
2025-09-23 23:00:19,117 - apscheduler.scheduler - INFO: [base.py:507] - Adding job tentatively -- it will be properly scheduled when the scheduler starts
2025-09-23 23:00:29,590 - apscheduler.scheduler - INFO: [base.py:507] - Adding job tentatively -- it will be properly scheduled when the scheduler starts
2025-09-23 23:00:38,361 - apscheduler.scheduler - INFO: [base.py:507] - Adding job tentatively -- it will be properly scheduled when the scheduler starts
2025-09-23 23:01:19,063 - apscheduler.scheduler - INFO: [base.py:507] - Adding job tentatively -- it will be properly scheduled when the scheduler starts
2025-09-23 23:02:47,063 - apscheduler.scheduler - INFO: [base.py:507] - Adding job tentatively -- it will be properly scheduled when the scheduler starts
2025-09-23 23:02:52,126 - apscheduler.scheduler - INFO: [base.py:507] - Adding job tentatively -- it will be properly scheduled when the scheduler starts
2025-09-23 23:02:58,409 - apscheduler.scheduler - INFO: [base.py:507] - Adding job tentatively -- it will be properly scheduled when the scheduler starts
2025-09-23 23:03:08,750 - apscheduler.scheduler - INFO: [base.py:507] - Adding job tentatively -- it will be properly scheduled when the scheduler starts
2025-09-23 23:03:15,976 - apscheduler.scheduler - INFO: [base.py:507] - Adding job tentatively -- it will be properly scheduled when the scheduler starts
2025-09-23 23:03:18,501 - apscheduler.scheduler - INFO: [base.py:507] - Adding job tentatively -- it will be properly scheduled when the scheduler starts
2025-09-25 17:01:17,864 - apscheduler.scheduler - INFO: [base.py:507] - Adding job tentatively -- it will be properly scheduled when the scheduler starts
2025-09-25 17:01:19,611 - apscheduler.scheduler - INFO: [base.py:507] - Adding job tentatively -- it will be properly scheduled when the scheduler starts
2025-09-25 17:39:23,961 - apscheduler.scheduler - INFO: [base.py:507] - Adding job tentatively -- it will be properly scheduled when the scheduler starts
2025-09-25 17:39:25,464 - apscheduler.scheduler - INFO: [base.py:507] - Adding job tentatively -- it will be properly scheduled when the scheduler starts
2025-09-25 17:44:05,704 - apscheduler.scheduler - INFO: [base.py:507] - Adding job tentatively -- it will be properly scheduled when the scheduler starts
2025-09-25 17:44:07,153 - apscheduler.scheduler - INFO: [base.py:507] - Adding job tentatively -- it will be properly scheduled when the scheduler starts
2025-09-25 17:47:01,245 - apscheduler.scheduler - INFO: [base.py:507] - Adding job tentatively -- it will be properly scheduled when the scheduler starts
2025-09-25 17:48:39,291 - apscheduler.scheduler - INFO: [base.py:507] - Adding job tentatively -- it will be properly scheduled when the scheduler starts
2025-09-25 17:53:10,987 - apscheduler.scheduler - INFO: [base.py:507] - Adding job tentatively -- it will be properly scheduled when the scheduler starts
2025-09-25 17:53:16,617 - apscheduler.scheduler - INFO: [base.py:507] - Adding job tentatively -- it will be properly scheduled when the scheduler starts
2025-09-25 17:54:38,817 - apscheduler.scheduler - INFO: [base.py:507] - Adding job tentatively -- it will be properly scheduled when the scheduler starts
2025-09-25 17:54:56,453 - apscheduler.scheduler - INFO: [base.py:507] - Adding job tentatively -- it will be properly scheduled when the scheduler starts
2025-09-25 17:56:44,788 - apscheduler.scheduler - INFO: [base.py:507] - Adding job tentatively -- it will be properly scheduled when the scheduler starts
2025-09-25 17:56:51,230 - apscheduler.scheduler - INFO: [base.py:507] - Adding job tentatively -- it will be properly scheduled when the scheduler starts
2025-09-25 17:57:04,433 - apscheduler.scheduler - INFO: [base.py:507] - Adding job tentatively -- it will be properly scheduled when the scheduler starts
2025-09-25 17:57:09,997 - apscheduler.scheduler - INFO: [base.py:507] - Adding job tentatively -- it will be properly scheduled when the scheduler starts
2025-09-25 17:57:14,996 - apscheduler.scheduler - INFO: [base.py:507] - Adding job tentatively -- it will be properly scheduled when the scheduler starts
2025-09-25 17:57:19,213 - apscheduler.scheduler - INFO: [base.py:507] - Adding job tentatively -- it will be properly scheduled when the scheduler starts
2025-09-25 17:57:28,025 - apscheduler.scheduler - INFO: [base.py:507] - Adding job tentatively -- it will be properly scheduled when the scheduler starts
2025-09-25 17:57:31,072 - apscheduler.scheduler - INFO: [base.py:507] - Adding job tentatively -- it will be properly scheduled when the scheduler starts
2025-09-25 17:57:44,282 - apscheduler.scheduler - INFO: [base.py:507] - Adding job tentatively -- it will be properly scheduled when the scheduler starts
2025-09-25 17:57:48,883 - apscheduler.scheduler - INFO: [base.py:507] - Adding job tentatively -- it will be properly scheduled when the scheduler starts
2025-09-25 17:58:09,837 - apscheduler.scheduler - INFO: [base.py:507] - Adding job tentatively -- it will be properly scheduled when the scheduler starts
2025-09-25 17:58:17,213 - apscheduler.scheduler - INFO: [base.py:507] - Adding job tentatively -- it will be properly scheduled when the scheduler starts
2025-09-25 17:58:22,648 - apscheduler.scheduler - INFO: [base.py:507] - Adding job tentatively -- it will be properly scheduled when the scheduler starts
2025-09-25 17:58:30,020 - apscheduler.scheduler - INFO: [base.py:507] - Adding job tentatively -- it will be properly scheduled when the scheduler starts
2025-09-25 17:58:43,383 - apscheduler.scheduler - INFO: [base.py:507] - Adding job tentatively -- it will be properly scheduled when the scheduler starts
2025-09-25 18:03:27,209 - apscheduler.scheduler - INFO: [base.py:507] - Adding job tentatively -- it will be properly scheduled when the scheduler starts
2025-09-25 18:12:59,525 - apscheduler.scheduler - INFO: [base.py:507] - Adding job tentatively -- it will be properly scheduled when the scheduler starts
2025-09-25 18:13:01,048 - apscheduler.scheduler - INFO: [base.py:507] - Adding job tentatively -- it will be properly scheduled when the scheduler starts
2025-09-25 18:14:51,732 - apscheduler.scheduler - INFO: [base.py:507] - Adding job tentatively -- it will be properly scheduled when the scheduler starts
2025-09-25 18:33:22,147 - apscheduler.scheduler - INFO: [base.py:507] - Adding job tentatively -- it will be properly scheduled when the scheduler starts
2025-09-25 18:33:23,915 - apscheduler.scheduler - INFO: [base.py:507] - Adding job tentatively -- it will be properly scheduled when the scheduler starts
2025-09-25 18:33:24,405 - apscheduler.scheduler - INFO: [base.py:1090] - Added job "<lambda>" to job store "default"
2025-09-25 18:33:24,406 - apscheduler.scheduler - INFO: [base.py:214] - Scheduler started
2025-09-25 18:51:21,982 - apscheduler.scheduler - INFO: [base.py:245] - Scheduler has been shut down
2025-09-25 18:51:34,869 - apscheduler.scheduler - INFO: [base.py:507] - Adding job tentatively -- it will be properly scheduled when the scheduler starts
2025-09-25 18:51:35,479 - apscheduler.scheduler - INFO: [base.py:1090] - Added job "<lambda>" to job store "default"
2025-09-25 18:51:35,480 - apscheduler.scheduler - INFO: [base.py:214] - Scheduler started
2025-09-25 18:51:35,919 - apscheduler.scheduler - INFO: [base.py:245] - Scheduler has been shut down
2025-09-25 18:52:53,451 - apscheduler.scheduler - INFO: [base.py:507] - Adding job tentatively -- it will be properly scheduled when the scheduler starts
2025-09-25 18:52:58,921 - apscheduler.scheduler - INFO: [base.py:507] - Adding job tentatively -- it will be properly scheduled when the scheduler starts
2025-09-25 18:52:59,397 - apscheduler.scheduler - INFO: [base.py:1090] - Added job "<lambda>" to job store "default"
2025-09-25 18:52:59,398 - apscheduler.scheduler - INFO: [base.py:214] - Scheduler started
2025-09-25 19:07:02,251 - apscheduler.scheduler - INFO: [base.py:245] - Scheduler has been shut down
2025-09-25 19:07:10,289 - apscheduler.scheduler - INFO: [base.py:507] - Adding job tentatively -- it will be properly scheduled when the scheduler starts
2025-09-25 19:07:10,919 - apscheduler.scheduler - INFO: [base.py:1090] - Added job "<lambda>" to job store "default"
2025-09-25 19:07:10,920 - apscheduler.scheduler - INFO: [base.py:214] - Scheduler started
2025-09-25 19:07:15,259 - apscheduler.scheduler - INFO: [base.py:245] - Scheduler has been shut down
2025-09-25 19:07:17,309 - apscheduler.scheduler - INFO: [base.py:507] - Adding job tentatively -- it will be properly scheduled when the scheduler starts
2025-09-25 19:07:17,630 - apscheduler.scheduler - INFO: [base.py:1090] - Added job "<lambda>" to job store "default"
2025-09-25 19:07:17,631 - apscheduler.scheduler - INFO: [base.py:214] - Scheduler started
2025-09-25 19:07:39,025 - apscheduler.scheduler - INFO: [base.py:245] - Scheduler has been shut down
2025-09-25 19:07:42,138 - apscheduler.scheduler - INFO: [base.py:507] - Adding job tentatively -- it will be properly scheduled when the scheduler starts
2025-09-25 19:07:49,404 - apscheduler.scheduler - INFO: [base.py:507] - Adding job tentatively -- it will be properly scheduled when the scheduler starts
2025-09-25 19:07:49,862 - apscheduler.scheduler - INFO: [base.py:1090] - Added job "<lambda>" to job store "default"
2025-09-25 19:07:49,863 - apscheduler.scheduler - INFO: [base.py:214] - Scheduler started
2025-09-25 19:07:55,907 - apscheduler.scheduler - INFO: [base.py:245] - Scheduler has been shut down
2025-09-25 19:07:57,903 - apscheduler.scheduler - INFO: [base.py:507] - Adding job tentatively -- it will be properly scheduled when the scheduler starts
2025-09-25 19:07:58,312 - apscheduler.scheduler - INFO: [base.py:1090] - Added job "<lambda>" to job store "default"
2025-09-25 19:07:58,313 - apscheduler.scheduler - INFO: [base.py:214] - Scheduler started
2025-09-25 19:08:13,427 - apscheduler.scheduler - INFO: [base.py:245] - Scheduler has been shut down
2025-09-25 19:08:15,490 - apscheduler.scheduler - INFO: [base.py:507] - Adding job tentatively -- it will be properly scheduled when the scheduler starts
2025-09-25 19:08:15,867 - apscheduler.scheduler - INFO: [base.py:1090] - Added job "<lambda>" to job store "default"
2025-09-25 19:08:15,868 - apscheduler.scheduler - INFO: [base.py:214] - Scheduler started
2025-09-25 19:08:35,587 - apscheduler.scheduler - INFO: [base.py:245] - Scheduler has been shut down
2025-09-25 19:08:43,079 - apscheduler.scheduler - INFO: [base.py:507] - Adding job tentatively -- it will be properly scheduled when the scheduler starts
2025-09-25 19:08:50,065 - apscheduler.scheduler - INFO: [base.py:507] - Adding job tentatively -- it will be properly scheduled when the scheduler starts
2025-09-25 19:08:50,549 - apscheduler.scheduler - INFO: [base.py:1090] - Added job "<lambda>" to job store "default"
2025-09-25 19:08:50,550 - apscheduler.scheduler - INFO: [base.py:214] - Scheduler started
2025-09-25 19:09:09,864 - apscheduler.scheduler - INFO: [base.py:245] - Scheduler has been shut down
2025-09-25 19:09:13,042 - apscheduler.scheduler - INFO: [base.py:507] - Adding job tentatively -- it will be properly scheduled when the scheduler starts
2025-09-25 19:09:13,536 - apscheduler.scheduler - INFO: [base.py:1090] - Added job "<lambda>" to job store "default"
2025-09-25 19:09:13,537 - apscheduler.scheduler - INFO: [base.py:214] - Scheduler started
2025-09-25 19:10:54,361 - apscheduler.scheduler - INFO: [base.py:245] - Scheduler has been shut down
2025-09-25 19:10:57,377 - apscheduler.scheduler - INFO: [base.py:507] - Adding job tentatively -- it will be properly scheduled when the scheduler starts
2025-09-25 19:10:57,891 - apscheduler.scheduler - INFO: [base.py:1090] - Added job "<lambda>" to job store "default"
2025-09-25 19:10:57,893 - apscheduler.scheduler - INFO: [base.py:214] - Scheduler started
2025-09-25 19:11:00,749 - apscheduler.scheduler - INFO: [base.py:507] - Adding job tentatively -- it will be properly scheduled when the scheduler starts
2025-09-25 19:11:01,227 - apscheduler.scheduler - INFO: [base.py:1090] - Added job "<lambda>" to job store "default"
2025-09-25 19:11:01,228 - apscheduler.scheduler - INFO: [base.py:214] - Scheduler started
2025-09-25 19:11:03,209 - apscheduler.scheduler - INFO: [base.py:245] - Scheduler has been shut down
2025-09-25 19:11:06,071 - apscheduler.scheduler - INFO: [base.py:507] - Adding job tentatively -- it will be properly scheduled when the scheduler starts
2025-09-25 19:11:06,413 - apscheduler.scheduler - INFO: [base.py:1090] - Added job "<lambda>" to job store "default"
2025-09-25 19:11:06,413 - apscheduler.scheduler - INFO: [base.py:214] - Scheduler started
2025-09-25 19:12:26,191 - apscheduler.scheduler - INFO: [base.py:245] - Scheduler has been shut down
2025-09-25 19:12:28,614 - apscheduler.scheduler - INFO: [base.py:507] - Adding job tentatively -- it will be properly scheduled when the scheduler starts
2025-09-25 19:12:29,022 - apscheduler.scheduler - INFO: [base.py:1090] - Added job "<lambda>" to job store "default"
2025-09-25 19:12:29,023 - apscheduler.scheduler - INFO: [base.py:214] - Scheduler started
2025-09-25 19:12:29,455 - apscheduler.scheduler - INFO: [base.py:245] - Scheduler has been shut down
2025-09-25 19:12:30,928 - apscheduler.scheduler - INFO: [base.py:507] - Adding job tentatively -- it will be properly scheduled when the scheduler starts
2025-09-25 19:12:31,156 - apscheduler.scheduler - INFO: [base.py:1090] - Added job "<lambda>" to job store "default"
2025-09-25 19:12:31,157 - apscheduler.scheduler - INFO: [base.py:214] - Scheduler started
2025-09-25 20:06:08,814 - apscheduler.scheduler - INFO: [base.py:245] - Scheduler has been shut down
2025-09-25 20:06:49,051 - apscheduler.scheduler - INFO: [base.py:507] - Adding job tentatively -- it will be properly scheduled when the scheduler starts
2025-09-25 20:06:49,712 - apscheduler.scheduler - INFO: [base.py:1090] - Added job "<lambda>" to job store "default"
2025-09-25 20:06:49,713 - apscheduler.scheduler - INFO: [base.py:214] - Scheduler started
2025-09-25 20:07:23,423 - apscheduler.scheduler - INFO: [base.py:245] - Scheduler has been shut down
2025-09-25 20:07:26,548 - apscheduler.scheduler - INFO: [base.py:507] - Adding job tentatively -- it will be properly scheduled when the scheduler starts
2025-09-25 20:07:39,891 - apscheduler.scheduler - INFO: [base.py:507] - Adding job tentatively -- it will be properly scheduled when the scheduler starts
2025-09-25 20:07:43,848 - apscheduler.scheduler - INFO: [base.py:507] - Adding job tentatively -- it will be properly scheduled when the scheduler starts
2025-09-25 20:07:44,293 - apscheduler.scheduler - INFO: [base.py:1090] - Added job "<lambda>" to job store "default"
2025-09-25 20:07:44,294 - apscheduler.scheduler - INFO: [base.py:214] - Scheduler started
2025-09-25 21:00:44,472 - apscheduler.scheduler - INFO: [base.py:245] - Scheduler has been shut down
2025-09-25 21:00:58,198 - apscheduler.scheduler - INFO: [base.py:507] - Adding job tentatively -- it will be properly scheduled when the scheduler starts
2025-09-25 21:00:59,401 - apscheduler.scheduler - INFO: [base.py:1090] - Added job "<lambda>" to job store "default"
2025-09-25 21:00:59,403 - apscheduler.scheduler - INFO: [base.py:214] - Scheduler started
2025-09-25 21:02:35,586 - apscheduler.scheduler - INFO: [base.py:245] - Scheduler has been shut down
2025-09-25 21:02:38,171 - apscheduler.scheduler - INFO: [base.py:507] - Adding job tentatively -- it will be properly scheduled when the scheduler starts
2025-09-25 21:02:38,443 - apscheduler.scheduler - INFO: [base.py:1090] - Added job "<lambda>" to job store "default"
2025-09-25 21:02:38,444 - apscheduler.scheduler - INFO: [base.py:214] - Scheduler started
2025-09-25 21:02:38,775 - apscheduler.scheduler - INFO: [base.py:245] - Scheduler has been shut down
2025-09-25 21:02:40,266 - apscheduler.scheduler - INFO: [base.py:507] - Adding job tentatively -- it will be properly scheduled when the scheduler starts
2025-09-25 21:02:40,552 - apscheduler.scheduler - INFO: [base.py:1090] - Added job "<lambda>" to job store "default"
2025-09-25 21:02:40,553 - apscheduler.scheduler - INFO: [base.py:214] - Scheduler started
2025-09-25 21:02:41,102 - apscheduler.scheduler - INFO: [base.py:245] - Scheduler has been shut down
2025-09-25 21:02:43,163 - apscheduler.scheduler - INFO: [base.py:507] - Adding job tentatively -- it will be properly scheduled when the scheduler starts
2025-09-25 21:02:43,760 - apscheduler.scheduler - INFO: [base.py:1090] - Added job "<lambda>" to job store "default"
2025-09-25 21:02:43,761 - apscheduler.scheduler - INFO: [base.py:214] - Scheduler started
2025-09-25 21:02:44,522 - apscheduler.scheduler - INFO: [base.py:245] - Scheduler has been shut down
2025-09-25 21:02:50,548 - apscheduler.scheduler - INFO: [base.py:507] - Adding job tentatively -- it will be properly scheduled when the scheduler starts
2025-09-25 21:02:51,218 - apscheduler.scheduler - INFO: [base.py:1090] - Added job "<lambda>" to job store "default"
2025-09-25 21:02:51,220 - apscheduler.scheduler - INFO: [base.py:214] - Scheduler started
2025-09-25 21:03:00,823 - apscheduler.scheduler - INFO: [base.py:245] - Scheduler has been shut down
2025-09-25 21:03:08,925 - apscheduler.scheduler - INFO: [base.py:507] - Adding job tentatively -- it will be properly scheduled when the scheduler starts
2025-09-25 21:03:16,096 - apscheduler.scheduler - INFO: [base.py:507] - Adding job tentatively -- it will be properly scheduled when the scheduler starts
2025-09-25 21:03:59,414 - apscheduler.scheduler - INFO: [base.py:507] - Adding job tentatively -- it will be properly scheduled when the scheduler starts
2025-09-25 21:04:00,223 - apscheduler.scheduler - INFO: [base.py:1090] - Added job "<lambda>" to job store "default"
2025-09-25 21:04:00,224 - apscheduler.scheduler - INFO: [base.py:214] - Scheduler started
2025-09-25 21:05:00,896 - apscheduler.scheduler - INFO: [base.py:245] - Scheduler has been shut down
2025-09-25 21:05:04,614 - apscheduler.scheduler - INFO: [base.py:507] - Adding job tentatively -- it will be properly scheduled when the scheduler starts
2025-09-25 21:05:04,990 - apscheduler.scheduler - INFO: [base.py:1090] - Added job "<lambda>" to job store "default"
2025-09-25 21:05:04,991 - apscheduler.scheduler - INFO: [base.py:214] - Scheduler started
2025-09-25 21:05:07,757 - apscheduler.scheduler - INFO: [base.py:245] - Scheduler has been shut down
2025-09-25 21:05:10,319 - apscheduler.scheduler - INFO: [base.py:507] - Adding job tentatively -- it will be properly scheduled when the scheduler starts
2025-09-25 21:05:10,633 - apscheduler.scheduler - INFO: [base.py:1090] - Added job "<lambda>" to job store "default"
2025-09-25 21:05:10,635 - apscheduler.scheduler - INFO: [base.py:214] - Scheduler started
2025-09-25 21:05:14,630 - apscheduler.scheduler - INFO: [base.py:245] - Scheduler has been shut down
2025-09-25 21:05:18,699 - apscheduler.scheduler - INFO: [base.py:507] - Adding job tentatively -- it will be properly scheduled when the scheduler starts
2025-09-25 21:05:19,151 - apscheduler.scheduler - INFO: [base.py:1090] - Added job "<lambda>" to job store "default"
2025-09-25 21:05:19,152 - apscheduler.scheduler - INFO: [base.py:214] - Scheduler started
2025-09-25 21:05:25,970 - apscheduler.scheduler - INFO: [base.py:245] - Scheduler has been shut down
2025-09-25 21:05:28,499 - apscheduler.scheduler - INFO: [base.py:507] - Adding job tentatively -- it will be properly scheduled when the scheduler starts
2025-09-25 21:05:29,244 - apscheduler.scheduler - INFO: [base.py:1090] - Added job "<lambda>" to job store "default"
2025-09-25 21:05:29,246 - apscheduler.scheduler - INFO: [base.py:214] - Scheduler started
2025-09-25 21:05:31,609 - apscheduler.scheduler - INFO: [base.py:245] - Scheduler has been shut down
2025-09-25 21:05:34,193 - apscheduler.scheduler - INFO: [base.py:507] - Adding job tentatively -- it will be properly scheduled when the scheduler starts
2025-09-25 21:05:34,619 - apscheduler.scheduler - INFO: [base.py:1090] - Added job "<lambda>" to job store "default"
2025-09-25 21:05:34,621 - apscheduler.scheduler - INFO: [base.py:214] - Scheduler started
2025-09-25 21:07:31,191 - apscheduler.scheduler - INFO: [base.py:245] - Scheduler has been shut down
2025-09-25 21:07:34,674 - apscheduler.scheduler - INFO: [base.py:507] - Adding job tentatively -- it will be properly scheduled when the scheduler starts
2025-09-25 21:07:35,418 - apscheduler.scheduler - INFO: [base.py:1090] - Added job "<lambda>" to job store "default"
2025-09-25 21:07:35,419 - apscheduler.scheduler - INFO: [base.py:214] - Scheduler started
2025-09-25 21:07:51,608 - apscheduler.scheduler - INFO: [base.py:245] - Scheduler has been shut down
2025-09-25 21:07:54,258 - apscheduler.scheduler - INFO: [base.py:507] - Adding job tentatively -- it will be properly scheduled when the scheduler starts
2025-09-25 21:07:54,513 - apscheduler.scheduler - INFO: [base.py:1090] - Added job "<lambda>" to job store "default"
2025-09-25 21:07:54,514 - apscheduler.scheduler - INFO: [base.py:214] - Scheduler started
2025-09-25 21:09:06,096 - apscheduler.scheduler - INFO: [base.py:245] - Scheduler has been shut down
2025-09-25 21:09:19,147 - apscheduler.scheduler - INFO: [base.py:507] - Adding job tentatively -- it will be properly scheduled when the scheduler starts
2025-09-25 21:09:19,404 - apscheduler.scheduler - INFO: [base.py:1090] - Added job "<lambda>" to job store "default"
2025-09-25 21:09:19,405 - apscheduler.scheduler - INFO: [base.py:214] - Scheduler started
2025-09-25 21:09:31,537 - apscheduler.scheduler - INFO: [base.py:245] - Scheduler has been shut down
2025-09-25 21:09:59,897 - apscheduler.scheduler - INFO: [base.py:507] - Adding job tentatively -- it will be properly scheduled when the scheduler starts
2025-09-25 21:10:00,445 - apscheduler.scheduler - INFO: [base.py:1090] - Added job "<lambda>" to job store "default"
2025-09-25 21:10:00,446 - apscheduler.scheduler - INFO: [base.py:214] - Scheduler started
2025-09-25 21:10:10,453 - apscheduler.scheduler - INFO: [base.py:245] - Scheduler has been shut down
2025-09-25 21:10:15,317 - apscheduler.scheduler - INFO: [base.py:507] - Adding job tentatively -- it will be properly scheduled when the scheduler starts
2025-09-25 21:10:15,675 - apscheduler.scheduler - INFO: [base.py:1090] - Added job "<lambda>" to job store "default"
2025-09-25 21:10:15,676 - apscheduler.scheduler - INFO: [base.py:214] - Scheduler started
2025-09-25 21:10:16,220 - apscheduler.scheduler - INFO: [base.py:245] - Scheduler has been shut down
2025-09-25 21:10:18,812 - apscheduler.scheduler - INFO: [base.py:507] - Adding job tentatively -- it will be properly scheduled when the scheduler starts
2025-09-25 21:10:19,061 - apscheduler.scheduler - INFO: [base.py:1090] - Added job "<lambda>" to job store "default"
2025-09-25 21:10:19,062 - apscheduler.scheduler - INFO: [base.py:214] - Scheduler started
2025-09-25 21:11:41,238 - apscheduler.scheduler - INFO: [base.py:245] - Scheduler has been shut down
2025-09-25 21:11:44,771 - apscheduler.scheduler - INFO: [base.py:507] - Adding job tentatively -- it will be properly scheduled when the scheduler starts
2025-09-25 21:11:46,037 - apscheduler.scheduler - INFO: [base.py:1090] - Added job "<lambda>" to job store "default"
2025-09-25 21:11:46,039 - apscheduler.scheduler - INFO: [base.py:214] - Scheduler started
2025-09-25 21:12:23,746 - apscheduler.scheduler - INFO: [base.py:245] - Scheduler has been shut down
2025-09-25 21:12:25,439 - apscheduler.scheduler - INFO: [base.py:507] - Adding job tentatively -- it will be properly scheduled when the scheduler starts
2025-09-25 21:12:25,710 - apscheduler.scheduler - INFO: [base.py:1090] - Added job "<lambda>" to job store "default"
2025-09-25 21:12:25,711 - apscheduler.scheduler - INFO: [base.py:214] - Scheduler started
2025-09-26 00:08:22,810 - apscheduler.scheduler - INFO: [base.py:507] - Adding job tentatively -- it will be properly scheduled when the scheduler starts
2025-09-26 00:08:24,226 - apscheduler.scheduler - INFO: [base.py:507] - Adding job tentatively -- it will be properly scheduled when the scheduler starts
2025-09-26 00:08:24,627 - apscheduler.scheduler - INFO: [base.py:1090] - Added job "<lambda>" to job store "default"
2025-09-26 00:08:24,628 - apscheduler.scheduler - INFO: [base.py:214] - Scheduler started
2025-09-26 00:13:23,377 - apscheduler.scheduler - INFO: [base.py:245] - Scheduler has been shut down
2025-09-26 00:13:25,704 - apscheduler.scheduler - INFO: [base.py:507] - Adding job tentatively -- it will be properly scheduled when the scheduler starts
2025-09-26 00:13:26,127 - apscheduler.scheduler - INFO: [base.py:1090] - Added job "<lambda>" to job store "default"
2025-09-26 00:13:26,128 - apscheduler.scheduler - INFO: [base.py:214] - Scheduler started
2025-09-26 00:13:26,462 - apscheduler.scheduler - INFO: [base.py:245] - Scheduler has been shut down
2025-09-26 00:13:28,044 - apscheduler.scheduler - INFO: [base.py:507] - Adding job tentatively -- it will be properly scheduled when the scheduler starts
2025-09-26 00:13:28,369 - apscheduler.scheduler - INFO: [base.py:1090] - Added job "<lambda>" to job store "default"
2025-09-26 00:13:28,369 - apscheduler.scheduler - INFO: [base.py:214] - Scheduler started
2025-09-26 00:14:28,052 - apscheduler.executors.default - INFO: [base.py:129] - Running job "<lambda> (trigger: interval[0:01:00], next run at: 2025-09-26 00:15:28 +08)" (scheduled at 2025-09-26 00:14:28.043945+08:00)
2025-09-26 00:14:28,082 - apscheduler.executors.default - ERROR: [base.py:145] - Job "<lambda> (trigger: interval[0:01:00], next run at: 2025-09-26 00:15:28 +08)" raised an exception
Traceback (most recent call last):
  File "C:\Users\63931\OneDrive\Desktop\Dtracs-resource\dtracs\.venv\Lib\site-packages\apscheduler\executors\base.py", line 131, in run_job
    retval = job.func(*job.args, **job.kwargs)
  File "C:\Users\63931\OneDrive\Desktop\Dtracs-resource\dtracs\src\auth\auth_security.py", line 104, in <lambda>
    lambda: asyncio.create_task(cleanup_expired_tokens()),
            ~~~~~~~~~~~~~~~~~~~^^^^^^^^^^^^^^^^^^^^^^^^^^
  File "C:\Users\63931\.pyenv\pyenv-win\versions\3.13.5\Lib\asyncio\tasks.py", line 407, in create_task
    loop = events.get_running_loop()
RuntimeError: no running event loop
2025-09-26 00:15:21,231 - apscheduler.scheduler - INFO: [base.py:245] - Scheduler has been shut down
2025-09-26 00:15:24,701 - apscheduler.scheduler - INFO: [base.py:507] - Adding job tentatively -- it will be properly scheduled when the scheduler starts
2025-09-26 00:15:24,985 - apscheduler.scheduler - INFO: [base.py:1090] - Added job "<lambda>" to job store "default"
2025-09-26 00:15:24,987 - apscheduler.scheduler - INFO: [base.py:214] - Scheduler started
2025-09-26 00:15:27,330 - apscheduler.scheduler - INFO: [base.py:245] - Scheduler has been shut down
2025-09-26 00:15:29,014 - apscheduler.scheduler - INFO: [base.py:507] - Adding job tentatively -- it will be properly scheduled when the scheduler starts
2025-09-26 00:15:29,314 - apscheduler.scheduler - INFO: [base.py:1090] - Added job "<lambda>" to job store "default"
2025-09-26 00:15:29,317 - apscheduler.scheduler - INFO: [base.py:214] - Scheduler started
2025-09-26 00:16:29,029 - apscheduler.executors.default - INFO: [base.py:129] - Running job "<lambda> (trigger: interval[0:01:00], next run at: 2025-09-26 00:17:29 +08)" (scheduled at 2025-09-26 00:16:29.014296+08:00)
2025-09-26 00:16:29,045 - apscheduler.executors.default - ERROR: [base.py:145] - Job "<lambda> (trigger: interval[0:01:00], next run at: 2025-09-26 00:17:29 +08)" raised an exception
Traceback (most recent call last):
  File "C:\Users\63931\OneDrive\Desktop\Dtracs-resource\dtracs\.venv\Lib\site-packages\apscheduler\executors\base.py", line 131, in run_job
    retval = job.func(*job.args, **job.kwargs)
  File "C:\Users\63931\OneDrive\Desktop\Dtracs-resource\dtracs\src\auth\auth_security.py", line 104, in <lambda>
    lambda: asyncio.create_task(cleanup_expired_tokens()),
            ~~~~~~~~~~~~~~~~~~~^^^^^^^^^^^^^^^^^^^^^^^^^^
  File "C:\Users\63931\.pyenv\pyenv-win\versions\3.13.5\Lib\asyncio\tasks.py", line 407, in create_task
    loop = events.get_running_loop()
RuntimeError: no running event loop
2025-09-26 00:16:34,851 - apscheduler.scheduler - INFO: [base.py:245] - Scheduler has been shut down
2025-09-26 00:16:41,399 - apscheduler.scheduler - INFO: [base.py:507] - Adding job tentatively -- it will be properly scheduled when the scheduler starts
2025-09-26 00:16:41,661 - apscheduler.scheduler - INFO: [base.py:1090] - Added job "cleanup_expired_tokens" to job store "default"
2025-09-26 00:16:41,662 - apscheduler.scheduler - INFO: [base.py:214] - Scheduler started
2025-09-26 00:16:57,898 - apscheduler.scheduler - INFO: [base.py:245] - Scheduler has been shut down
2025-09-26 00:17:40,094 - apscheduler.scheduler - INFO: [base.py:507] - Adding job tentatively -- it will be properly scheduled when the scheduler starts
2025-09-26 00:17:40,430 - apscheduler.scheduler - INFO: [base.py:1090] - Added job "cleanup_expired_tokens" to job store "default"
2025-09-26 00:17:40,431 - apscheduler.scheduler - INFO: [base.py:214] - Scheduler started
2025-09-26 00:18:04,268 - apscheduler.scheduler - INFO: [base.py:245] - Scheduler has been shut down
2025-09-26 00:18:06,500 - apscheduler.scheduler - INFO: [base.py:507] - Adding job tentatively -- it will be properly scheduled when the scheduler starts
2025-09-26 00:18:06,753 - apscheduler.scheduler - INFO: [base.py:1090] - Added job "cleanup_expired_tokens" to job store "default"
2025-09-26 00:18:06,754 - apscheduler.scheduler - INFO: [base.py:214] - Scheduler started
2025-09-26 00:18:07,074 - apscheduler.scheduler - INFO: [base.py:245] - Scheduler has been shut down
2025-09-26 00:18:08,759 - apscheduler.scheduler - INFO: [base.py:507] - Adding job tentatively -- it will be properly scheduled when the scheduler starts
2025-09-26 00:18:09,102 - apscheduler.scheduler - INFO: [base.py:1090] - Added job "cleanup_expired_tokens" to job store "default"
2025-09-26 00:18:09,103 - apscheduler.scheduler - INFO: [base.py:214] - Scheduler started
2025-09-26 00:18:38,766 - apscheduler.executors.default - INFO: [base.py:179] - Running job "cleanup_expired_tokens (trigger: interval[0:00:30], next run at: 2025-09-26 00:19:08 +08)" (scheduled at 2025-09-26 00:18:38.758881+08:00)
2025-09-26 00:18:38,817 - apscheduler.executors.default - INFO: [base.py:203] - Job "cleanup_expired_tokens (trigger: interval[0:00:30], next run at: 2025-09-26 00:19:08 +08)" executed successfully
2025-09-26 00:19:08,765 - apscheduler.executors.default - INFO: [base.py:179] - Running job "cleanup_expired_tokens (trigger: interval[0:00:30], next run at: 2025-09-26 00:19:38 +08)" (scheduled at 2025-09-26 00:19:08.758881+08:00)
2025-09-26 00:19:08,771 - apscheduler.executors.default - INFO: [base.py:203] - Job "cleanup_expired_tokens (trigger: interval[0:00:30], next run at: 2025-09-26 00:19:38 +08)" executed successfully
2025-09-26 00:19:29,885 - apscheduler.scheduler - INFO: [base.py:245] - Scheduler has been shut down
2025-09-26 00:19:32,557 - apscheduler.scheduler - INFO: [base.py:507] - Adding job tentatively -- it will be properly scheduled when the scheduler starts
2025-09-26 00:19:32,905 - apscheduler.scheduler - INFO: [base.py:1090] - Added job "cleanup_expired_tokens" to job store "default"
2025-09-26 00:19:32,906 - apscheduler.scheduler - INFO: [base.py:214] - Scheduler started
2025-09-26 00:19:33,667 - apscheduler.scheduler - INFO: [base.py:245] - Scheduler has been shut down
2025-09-26 00:19:35,662 - apscheduler.scheduler - INFO: [base.py:507] - Adding job tentatively -- it will be properly scheduled when the scheduler starts
2025-09-26 00:19:35,952 - apscheduler.scheduler - INFO: [base.py:1090] - Added job "cleanup_expired_tokens" to job store "default"
2025-09-26 00:19:35,953 - apscheduler.scheduler - INFO: [base.py:214] - Scheduler started
2025-09-26 00:19:43,212 - apscheduler.scheduler - INFO: [base.py:245] - Scheduler has been shut down
2025-09-26 00:19:45,361 - apscheduler.scheduler - INFO: [base.py:507] - Adding job tentatively -- it will be properly scheduled when the scheduler starts
2025-09-26 00:19:45,659 - apscheduler.scheduler - INFO: [base.py:1090] - Added job "cleanup_expired_tokens" to job store "default"
2025-09-26 00:19:45,660 - apscheduler.scheduler - INFO: [base.py:214] - Scheduler started
2025-09-26 00:19:55,683 - apscheduler.scheduler - INFO: [base.py:245] - Scheduler has been shut down
2025-09-26 00:20:03,398 - apscheduler.scheduler - INFO: [base.py:507] - Adding job tentatively -- it will be properly scheduled when the scheduler starts
2025-09-26 00:20:03,714 - apscheduler.scheduler - INFO: [base.py:1090] - Added job "cleanup_expired_tokens" to job store "default"
2025-09-26 00:20:03,714 - apscheduler.scheduler - INFO: [base.py:214] - Scheduler started
2025-09-26 00:20:35,457 - apscheduler.scheduler - INFO: [base.py:245] - Scheduler has been shut down
2025-09-26 00:20:39,036 - apscheduler.scheduler - INFO: [base.py:507] - Adding job tentatively -- it will be properly scheduled when the scheduler starts
2025-09-26 00:20:39,483 - apscheduler.scheduler - INFO: [base.py:1090] - Added job "cleanup_expired_tokens" to job store "default"
2025-09-26 00:20:39,484 - apscheduler.scheduler - INFO: [base.py:214] - Scheduler started
2025-09-26 00:20:39,905 - apscheduler.scheduler - INFO: [base.py:245] - Scheduler has been shut down
2025-09-26 00:20:47,693 - apscheduler.scheduler - INFO: [base.py:507] - Adding job tentatively -- it will be properly scheduled when the scheduler starts
2025-09-26 00:20:48,246 - apscheduler.scheduler - INFO: [base.py:1090] - Added job "cleanup_expired_tokens" to job store "default"
2025-09-26 00:20:48,247 - apscheduler.scheduler - INFO: [base.py:214] - Scheduler started
2025-09-26 00:20:48,896 - apscheduler.scheduler - INFO: [base.py:245] - Scheduler has been shut down
2025-09-26 00:20:51,787 - apscheduler.scheduler - INFO: [base.py:507] - Adding job tentatively -- it will be properly scheduled when the scheduler starts
2025-09-26 00:20:52,227 - apscheduler.scheduler - INFO: [base.py:1090] - Added job "cleanup_expired_tokens" to job store "default"
2025-09-26 00:20:52,229 - apscheduler.scheduler - INFO: [base.py:214] - Scheduler started
2025-09-26 00:20:58,222 - apscheduler.scheduler - INFO: [base.py:245] - Scheduler has been shut down
2025-09-26 00:21:00,803 - apscheduler.scheduler - INFO: [base.py:507] - Adding job tentatively -- it will be properly scheduled when the scheduler starts
2025-09-26 00:21:01,234 - apscheduler.scheduler - INFO: [base.py:1090] - Added job "cleanup_expired_tokens" to job store "default"
2025-09-26 00:21:01,235 - apscheduler.scheduler - INFO: [base.py:214] - Scheduler started
2025-09-26 00:21:05,400 - apscheduler.scheduler - INFO: [base.py:245] - Scheduler has been shut down
2025-09-26 00:21:08,160 - apscheduler.scheduler - INFO: [base.py:507] - Adding job tentatively -- it will be properly scheduled when the scheduler starts
2025-09-26 00:21:08,641 - apscheduler.scheduler - INFO: [base.py:1090] - Added job "cleanup_expired_tokens" to job store "default"
2025-09-26 00:21:08,642 - apscheduler.scheduler - INFO: [base.py:214] - Scheduler started
2025-09-26 00:21:09,629 - apscheduler.scheduler - INFO: [base.py:245] - Scheduler has been shut down
2025-09-26 00:21:11,875 - apscheduler.scheduler - INFO: [base.py:507] - Adding job tentatively -- it will be properly scheduled when the scheduler starts
2025-09-26 00:21:12,256 - apscheduler.scheduler - INFO: [base.py:1090] - Added job "cleanup_expired_tokens" to job store "default"
2025-09-26 00:21:12,257 - apscheduler.scheduler - INFO: [base.py:214] - Scheduler started
2025-09-26 00:27:20,789 - apscheduler.scheduler - INFO: [base.py:245] - Scheduler has been shut down
2025-09-26 00:27:22,604 - apscheduler.scheduler - INFO - [base.py:507] - Adding job tentatively -- it will be properly scheduled when the scheduler starts
2025-09-26 00:27:22,897 - apscheduler.scheduler - INFO - [base.py:1090] - Added job "cleanup_expired_tokens" to job store "default"
2025-09-26 00:27:22,898 - apscheduler.scheduler - INFO - [base.py:214] - Scheduler started
2025-09-26 00:36:15,283 - apscheduler.scheduler - INFO - [base.py:245] - Scheduler has been shut down
2025-09-26 00:36:18,410 - apscheduler.scheduler - INFO - [base.py:507] - Adding job tentatively -- it will be properly scheduled when the scheduler starts
2025-09-26 00:36:18,776 - apscheduler.scheduler - INFO - [base.py:1090] - Added job "cleanup_expired_tokens" to job store "default"
2025-09-26 00:36:18,777 - apscheduler.scheduler - INFO - [base.py:214] - Scheduler started
2025-09-26 00:43:02,668 - apscheduler.scheduler - INFO - [base.py:245] - Scheduler has been shut down
2025-09-26 00:43:04,826 - apscheduler.scheduler - INFO - [base.py:507] - Adding job tentatively -- it will be properly scheduled when the scheduler starts
2025-09-26 00:43:05,143 - apscheduler.scheduler - INFO - [base.py:1090] - Added job "cleanup_expired_tokens" to job store "default"
2025-09-26 00:43:05,144 - apscheduler.scheduler - INFO - [base.py:214] - Scheduler started
2025-09-26 00:43:07,719 - apscheduler.scheduler - INFO - [base.py:245] - Scheduler has been shut down
2025-09-26 00:43:09,456 - apscheduler.scheduler - INFO - [base.py:507] - Adding job tentatively -- it will be properly scheduled when the scheduler starts
2025-09-26 00:43:09,815 - apscheduler.scheduler - INFO - [base.py:1090] - Added job "cleanup_expired_tokens" to job store "default"
2025-09-26 00:43:09,815 - apscheduler.scheduler - INFO - [base.py:214] - Scheduler started
2025-09-26 00:45:50,496 - apscheduler.scheduler - INFO - [base.py:245] - Scheduler has been shut down
2025-09-26 00:45:52,483 - apscheduler.scheduler - INFO - [base.py:507] - Adding job tentatively -- it will be properly scheduled when the scheduler starts
2025-09-26 00:45:52,756 - apscheduler.scheduler - INFO - [base.py:1090] - Added job "cleanup_expired_tokens" to job store "default"
2025-09-26 00:45:52,757 - apscheduler.scheduler - INFO - [base.py:214] - Scheduler started
2025-09-26 00:53:44,822 - apscheduler.scheduler - INFO - [base.py:245] - Scheduler has been shut down
2025-09-26 00:53:46,968 - apscheduler.scheduler - INFO - [base.py:507] - Adding job tentatively -- it will be properly scheduled when the scheduler starts
2025-09-26 00:53:49,453 - apscheduler.scheduler - INFO - [base.py:507] - Adding job tentatively -- it will be properly scheduled when the scheduler starts
2025-09-26 00:53:53,012 - apscheduler.scheduler - INFO - [base.py:507] - Adding job tentatively -- it will be properly scheduled when the scheduler starts
2025-09-26 00:53:59,681 - apscheduler.scheduler - INFO - [base.py:507] - Adding job tentatively -- it will be properly scheduled when the scheduler starts
2025-09-26 00:54:04,508 - apscheduler.scheduler - INFO - [base.py:507] - Adding job tentatively -- it will be properly scheduled when the scheduler starts
2025-09-26 00:54:09,401 - apscheduler.scheduler - INFO - [base.py:507] - Adding job tentatively -- it will be properly scheduled when the scheduler starts
2025-09-26 00:54:13,909 - apscheduler.scheduler - INFO - [base.py:507] - Adding job tentatively -- it will be properly scheduled when the scheduler starts
2025-09-26 00:54:16,201 - apscheduler.scheduler - INFO - [base.py:507] - Adding job tentatively -- it will be properly scheduled when the scheduler starts
2025-09-26 00:54:18,211 - apscheduler.scheduler - INFO - [base.py:507] - Adding job tentatively -- it will be properly scheduled when the scheduler starts
2025-09-26 00:54:27,380 - apscheduler.scheduler - INFO - [base.py:507] - Adding job tentatively -- it will be properly scheduled when the scheduler starts
2025-09-26 00:54:34,928 - apscheduler.scheduler - INFO - [base.py:507] - Adding job tentatively -- it will be properly scheduled when the scheduler starts
2025-09-26 00:55:14,980 - apscheduler.scheduler - INFO - [base.py:507] - Adding job tentatively -- it will be properly scheduled when the scheduler starts
2025-09-26 00:55:15,300 - apscheduler.scheduler - INFO - [base.py:1090] - Added job "cleanup_expired_tokens" to job store "default"
2025-09-26 00:55:15,300 - apscheduler.scheduler - INFO - [base.py:214] - Scheduler started
2025-09-26 00:55:26,369 - apscheduler.scheduler - INFO - [base.py:245] - Scheduler has been shut down
2025-09-26 00:55:28,445 - apscheduler.scheduler - INFO - [base.py:507] - Adding job tentatively -- it will be properly scheduled when the scheduler starts
2025-09-26 00:55:31,408 - apscheduler.scheduler - INFO - [base.py:507] - Adding job tentatively -- it will be properly scheduled when the scheduler starts
2025-09-26 00:55:44,059 - apscheduler.scheduler - INFO - [base.py:507] - Adding job tentatively -- it will be properly scheduled when the scheduler starts
2025-09-26 00:55:51,450 - apscheduler.scheduler - INFO - [base.py:507] - Adding job tentatively -- it will be properly scheduled when the scheduler starts
2025-09-26 00:56:04,968 - apscheduler.scheduler - INFO - [base.py:507] - Adding job tentatively -- it will be properly scheduled when the scheduler starts
2025-09-26 00:56:40,718 - apscheduler.scheduler - INFO - [base.py:507] - Adding job tentatively -- it will be properly scheduled when the scheduler starts
2025-09-26 00:56:48,828 - apscheduler.scheduler - INFO - [base.py:507] - Adding job tentatively -- it will be properly scheduled when the scheduler starts
2025-09-26 00:57:35,485 - apscheduler.scheduler - INFO - [base.py:507] - Adding job tentatively -- it will be properly scheduled when the scheduler starts
2025-09-26 00:57:35,742 - apscheduler.scheduler - INFO - [base.py:1090] - Added job "cleanup_expired_tokens" to job store "default"
2025-09-26 00:57:35,743 - apscheduler.scheduler - INFO - [base.py:214] - Scheduler started
2025-09-26 00:58:41,923 - apscheduler.scheduler - INFO - [base.py:245] - Scheduler has been shut down
2025-09-26 00:58:43,718 - apscheduler.scheduler - INFO - [base.py:507] - Adding job tentatively -- it will be properly scheduled when the scheduler starts
2025-09-26 00:59:13,991 - apscheduler.scheduler - INFO - [base.py:507] - Adding job tentatively -- it will be properly scheduled when the scheduler starts
2025-09-26 00:59:14,391 - apscheduler.scheduler - INFO - [base.py:1090] - Added job "cleanup_expired_tokens" to job store "default"
2025-09-26 00:59:14,392 - apscheduler.scheduler - INFO - [base.py:214] - Scheduler started
2025-09-26 01:00:05,015 - apscheduler.scheduler - INFO - [base.py:245] - Scheduler has been shut down
2025-09-26 01:00:08,151 - apscheduler.scheduler - INFO - [base.py:507] - Adding job tentatively -- it will be properly scheduled when the scheduler starts
2025-09-26 01:00:08,407 - apscheduler.scheduler - INFO - [base.py:1090] - Added job "cleanup_expired_tokens" to job store "default"
2025-09-26 01:00:08,408 - apscheduler.scheduler - INFO - [base.py:214] - Scheduler started
2025-09-26 01:00:19,048 - apscheduler.scheduler - INFO - [base.py:245] - Scheduler has been shut down
2025-09-26 01:00:20,830 - apscheduler.scheduler - INFO - [base.py:507] - Adding job tentatively -- it will be properly scheduled when the scheduler starts
2025-09-26 01:00:21,193 - apscheduler.scheduler - INFO - [base.py:1090] - Added job "cleanup_expired_tokens" to job store "default"
2025-09-26 01:00:21,194 - apscheduler.scheduler - INFO - [base.py:214] - Scheduler started
2025-09-26 01:03:08,689 - apscheduler.scheduler - INFO - [base.py:245] - Scheduler has been shut down
2025-09-26 01:03:10,239 - apscheduler.scheduler - INFO - [base.py:507] - Adding job tentatively -- it will be properly scheduled when the scheduler starts
2025-09-26 01:03:10,533 - apscheduler.scheduler - INFO - [base.py:1090] - Added job "cleanup_expired_tokens" to job store "default"
2025-09-26 01:03:10,534 - apscheduler.scheduler - INFO - [base.py:214] - Scheduler started
2025-09-26 01:03:12,779 - apscheduler.scheduler - INFO - [base.py:245] - Scheduler has been shut down
2025-09-26 01:03:14,243 - apscheduler.scheduler - INFO - [base.py:507] - Adding job tentatively -- it will be properly scheduled when the scheduler starts
2025-09-26 01:03:16,622 - apscheduler.scheduler - INFO - [base.py:507] - Adding job tentatively -- it will be properly scheduled when the scheduler starts
2025-09-26 01:03:17,004 - apscheduler.scheduler - INFO - [base.py:1090] - Added job "cleanup_expired_tokens" to job store "default"
2025-09-26 01:03:17,005 - apscheduler.scheduler - INFO - [base.py:214] - Scheduler started
2025-09-26 01:03:20,018 - apscheduler.scheduler - INFO - [base.py:245] - Scheduler has been shut down
2025-09-26 01:03:21,601 - apscheduler.scheduler - INFO - [base.py:507] - Adding job tentatively -- it will be properly scheduled when the scheduler starts
2025-09-26 01:03:21,891 - apscheduler.scheduler - INFO - [base.py:1090] - Added job "cleanup_expired_tokens" to job store "default"
2025-09-26 01:03:21,892 - apscheduler.scheduler - INFO - [base.py:214] - Scheduler started
2025-09-26 01:03:24,056 - apscheduler.scheduler - INFO - [base.py:245] - Scheduler has been shut down
2025-09-26 01:03:25,788 - apscheduler.scheduler - INFO - [base.py:507] - Adding job tentatively -- it will be properly scheduled when the scheduler starts
2025-09-26 01:03:26,053 - apscheduler.scheduler - INFO - [base.py:1090] - Added job "cleanup_expired_tokens" to job store "default"
2025-09-26 01:03:26,053 - apscheduler.scheduler - INFO - [base.py:214] - Scheduler started
2025-09-26 01:03:36,934 - apscheduler.scheduler - INFO - [base.py:245] - Scheduler has been shut down
2025-09-26 01:03:38,720 - apscheduler.scheduler - INFO - [base.py:507] - Adding job tentatively -- it will be properly scheduled when the scheduler starts
2025-09-26 01:03:39,037 - apscheduler.scheduler - INFO - [base.py:1090] - Added job "cleanup_expired_tokens" to job store "default"
2025-09-26 01:03:39,037 - apscheduler.scheduler - INFO - [base.py:214] - Scheduler started
2025-09-26 01:04:30,514 - apscheduler.scheduler - INFO - [base.py:245] - Scheduler has been shut down
2025-09-26 01:04:34,180 - apscheduler.scheduler - INFO - [base.py:507] - Adding job tentatively -- it will be properly scheduled when the scheduler starts
2025-09-26 01:04:34,455 - apscheduler.scheduler - INFO - [base.py:1090] - Added job "cleanup_expired_tokens" to job store "default"
2025-09-26 01:04:34,456 - apscheduler.scheduler - INFO - [base.py:214] - Scheduler started
2025-09-26 01:04:37,146 - apscheduler.scheduler - INFO - [base.py:245] - Scheduler has been shut down
2025-09-26 01:04:42,597 - apscheduler.scheduler - INFO - [base.py:507] - Adding job tentatively -- it will be properly scheduled when the scheduler starts
2025-09-26 01:04:42,923 - apscheduler.scheduler - INFO - [base.py:1090] - Added job "cleanup_expired_tokens" to job store "default"
2025-09-26 01:04:42,923 - apscheduler.scheduler - INFO - [base.py:214] - Scheduler started
2025-09-26 01:04:48,616 - apscheduler.scheduler - INFO - [base.py:245] - Scheduler has been shut down
2025-09-26 01:04:50,128 - apscheduler.scheduler - INFO - [base.py:507] - Adding job tentatively -- it will be properly scheduled when the scheduler starts
2025-09-26 01:04:50,504 - apscheduler.scheduler - INFO - [base.py:1090] - Added job "cleanup_expired_tokens" to job store "default"
2025-09-26 01:04:50,506 - apscheduler.scheduler - INFO - [base.py:214] - Scheduler started
2025-09-26 01:04:52,315 - apscheduler.scheduler - INFO - [base.py:245] - Scheduler has been shut down
2025-09-26 01:04:53,701 - apscheduler.scheduler - INFO - [base.py:507] - Adding job tentatively -- it will be properly scheduled when the scheduler starts
2025-09-26 01:04:53,950 - apscheduler.scheduler - INFO - [base.py:1090] - Added job "cleanup_expired_tokens" to job store "default"
2025-09-26 01:04:53,951 - apscheduler.scheduler - INFO - [base.py:214] - Scheduler started
2025-09-26 01:04:55,795 - apscheduler.scheduler - INFO - [base.py:245] - Scheduler has been shut down
2025-09-26 01:04:57,109 - apscheduler.scheduler - INFO - [base.py:507] - Adding job tentatively -- it will be properly scheduled when the scheduler starts
2025-09-26 01:04:57,479 - apscheduler.scheduler - INFO - [base.py:1090] - Added job "cleanup_expired_tokens" to job store "default"
2025-09-26 01:04:57,480 - apscheduler.scheduler - INFO - [base.py:214] - Scheduler started
2025-09-26 01:05:03,130 - apscheduler.scheduler - INFO - [base.py:245] - Scheduler has been shut down
2025-09-26 01:05:04,594 - apscheduler.scheduler - INFO - [base.py:507] - Adding job tentatively -- it will be properly scheduled when the scheduler starts
2025-09-26 01:05:04,871 - apscheduler.scheduler - INFO - [base.py:1090] - Added job "cleanup_expired_tokens" to job store "default"
2025-09-26 01:05:04,872 - apscheduler.scheduler - INFO - [base.py:214] - Scheduler started
2025-09-26 01:05:08,730 - apscheduler.scheduler - INFO - [base.py:245] - Scheduler has been shut down
2025-09-26 01:05:10,372 - apscheduler.scheduler - INFO - [base.py:507] - Adding job tentatively -- it will be properly scheduled when the scheduler starts
2025-09-26 01:05:10,745 - apscheduler.scheduler - INFO - [base.py:1090] - Added job "cleanup_expired_tokens" to job store "default"
2025-09-26 01:05:10,747 - apscheduler.scheduler - INFO - [base.py:214] - Scheduler started
2025-09-26 01:05:11,397 - apscheduler.scheduler - INFO - [base.py:245] - Scheduler has been shut down
2025-09-26 01:05:12,755 - apscheduler.scheduler - INFO - [base.py:507] - Adding job tentatively -- it will be properly scheduled when the scheduler starts
2025-09-26 01:05:13,049 - apscheduler.scheduler - INFO - [base.py:1090] - Added job "cleanup_expired_tokens" to job store "default"
2025-09-26 01:05:13,051 - apscheduler.scheduler - INFO - [base.py:214] - Scheduler started
2025-09-26 01:07:14,463 - apscheduler.scheduler - INFO - [base.py:245] - Scheduler has been shut down
2025-09-26 01:07:25,420 - apscheduler.scheduler - INFO - [base.py:507] - Adding job tentatively -- it will be properly scheduled when the scheduler starts
2025-09-26 01:07:26,036 - apscheduler.scheduler - INFO - [base.py:1090] - Added job "cleanup_expired_tokens" to job store "default"
2025-09-26 01:07:26,037 - apscheduler.scheduler - INFO - [base.py:214] - Scheduler started
2025-09-26 01:07:26,794 - apscheduler.scheduler - INFO - [base.py:245] - Scheduler has been shut down
2025-09-26 01:07:29,661 - apscheduler.scheduler - INFO - [base.py:507] - Adding job tentatively -- it will be properly scheduled when the scheduler starts
2025-09-26 01:07:30,176 - apscheduler.scheduler - INFO - [base.py:1090] - Added job "cleanup_expired_tokens" to job store "default"
2025-09-26 01:07:30,177 - apscheduler.scheduler - INFO - [base.py:214] - Scheduler started
2025-09-26 01:07:31,271 - apscheduler.scheduler - INFO - [base.py:245] - Scheduler has been shut down
2025-09-26 01:07:34,502 - apscheduler.scheduler - INFO - [base.py:507] - Adding job tentatively -- it will be properly scheduled when the scheduler starts
2025-09-26 01:07:35,208 - apscheduler.scheduler - INFO - [base.py:1090] - Added job "cleanup_expired_tokens" to job store "default"
2025-09-26 01:07:35,210 - apscheduler.scheduler - INFO - [base.py:214] - Scheduler started
2025-09-26 01:07:36,186 - apscheduler.scheduler - INFO - [base.py:245] - Scheduler has been shut down
2025-09-26 01:07:39,190 - apscheduler.scheduler - INFO - [base.py:507] - Adding job tentatively -- it will be properly scheduled when the scheduler starts
2025-09-26 01:07:39,729 - apscheduler.scheduler - INFO - [base.py:1090] - Added job "cleanup_expired_tokens" to job store "default"
2025-09-26 01:07:39,731 - apscheduler.scheduler - INFO - [base.py:214] - Scheduler started
2025-09-26 01:07:40,486 - apscheduler.scheduler - INFO - [base.py:245] - Scheduler has been shut down
2025-09-26 01:07:42,825 - apscheduler.scheduler - INFO - [base.py:507] - Adding job tentatively -- it will be properly scheduled when the scheduler starts
2025-09-26 01:07:43,228 - apscheduler.scheduler - INFO - [base.py:1090] - Added job "cleanup_expired_tokens" to job store "default"
2025-09-26 01:07:43,229 - apscheduler.scheduler - INFO - [base.py:214] - Scheduler started
2025-09-26 01:09:42,306 - apscheduler.scheduler - INFO - [base.py:245] - Scheduler has been shut down
2025-09-26 01:09:46,598 - apscheduler.scheduler - INFO - [base.py:507] - Adding job tentatively -- it will be properly scheduled when the scheduler starts
2025-09-26 01:09:46,947 - apscheduler.scheduler - INFO - [base.py:1090] - Added job "cleanup_expired_tokens" to job store "default"
2025-09-26 01:09:46,948 - apscheduler.scheduler - INFO - [base.py:214] - Scheduler started
2025-09-26 01:09:51,085 - apscheduler.scheduler - INFO - [base.py:245] - Scheduler has been shut down
2025-09-26 01:09:53,486 - apscheduler.scheduler - INFO - [base.py:507] - Adding job tentatively -- it will be properly scheduled when the scheduler starts
2025-09-26 01:10:01,326 - apscheduler.scheduler - INFO - [base.py:507] - Adding job tentatively -- it will be properly scheduled when the scheduler starts
2025-09-26 01:10:01,701 - apscheduler.scheduler - INFO - [base.py:1090] - Added job "cleanup_expired_tokens" to job store "default"
2025-09-26 01:10:01,702 - apscheduler.scheduler - INFO - [base.py:214] - Scheduler started
2025-09-26 01:10:08,685 - apscheduler.scheduler - INFO - [base.py:245] - Scheduler has been shut down
2025-09-26 01:10:18,792 - apscheduler.scheduler - INFO - [base.py:507] - Adding job tentatively -- it will be properly scheduled when the scheduler starts
2025-09-26 01:10:19,138 - apscheduler.scheduler - INFO - [base.py:1090] - Added job "cleanup_expired_tokens" to job store "default"
2025-09-26 01:10:19,139 - apscheduler.scheduler - INFO - [base.py:214] - Scheduler started
2025-09-26 01:11:15,936 - apscheduler.scheduler - INFO - [base.py:245] - Scheduler has been shut down
2025-09-26 01:11:18,049 - apscheduler.scheduler - INFO - [base.py:507] - Adding job tentatively -- it will be properly scheduled when the scheduler starts
2025-09-26 01:11:18,375 - apscheduler.scheduler - INFO - [base.py:1090] - Added job "cleanup_expired_tokens" to job store "default"
2025-09-26 01:11:18,376 - apscheduler.scheduler - INFO - [base.py:214] - Scheduler started
2025-09-26 01:11:20,737 - apscheduler.scheduler - INFO - [base.py:245] - Scheduler has been shut down
2025-09-26 01:11:24,395 - apscheduler.scheduler - INFO - [base.py:507] - Adding job tentatively -- it will be properly scheduled when the scheduler starts
2025-09-26 01:11:31,127 - apscheduler.scheduler - INFO - [base.py:507] - Adding job tentatively -- it will be properly scheduled when the scheduler starts
2025-09-26 01:11:40,906 - apscheduler.scheduler - INFO - [base.py:507] - Adding job tentatively -- it will be properly scheduled when the scheduler starts
2025-09-26 01:11:56,484 - apscheduler.scheduler - INFO - [base.py:507] - Adding job tentatively -- it will be properly scheduled when the scheduler starts
2025-09-26 01:12:37,484 - apscheduler.scheduler - INFO - [base.py:507] - Adding job tentatively -- it will be properly scheduled when the scheduler starts
2025-09-26 01:12:39,067 - apscheduler.scheduler - INFO - [base.py:507] - Adding job tentatively -- it will be properly scheduled when the scheduler starts
2025-09-26 01:12:52,444 - apscheduler.scheduler - INFO - [base.py:507] - Adding job tentatively -- it will be properly scheduled when the scheduler starts
2025-09-26 01:12:52,738 - apscheduler.scheduler - INFO - [base.py:1090] - Added job "cleanup_expired_tokens" to job store "default"
2025-09-26 01:12:52,738 - apscheduler.scheduler - INFO - [base.py:214] - Scheduler started
2025-09-26 01:12:56,213 - apscheduler.scheduler - INFO - [base.py:245] - Scheduler has been shut down
2025-09-26 01:12:58,471 - apscheduler.scheduler - INFO - [base.py:507] - Adding job tentatively -- it will be properly scheduled when the scheduler starts
2025-09-26 01:13:00,504 - apscheduler.scheduler - INFO - [base.py:507] - Adding job tentatively -- it will be properly scheduled when the scheduler starts
2025-09-26 01:13:13,412 - apscheduler.scheduler - INFO - [base.py:507] - Adding job tentatively -- it will be properly scheduled when the scheduler starts
2025-09-26 01:13:14,010 - apscheduler.scheduler - INFO - [base.py:1090] - Added job "cleanup_expired_tokens" to job store "default"
2025-09-26 01:13:14,011 - apscheduler.scheduler - INFO - [base.py:214] - Scheduler started
2025-09-26 01:13:18,389 - apscheduler.scheduler - INFO - [base.py:245] - Scheduler has been shut down
2025-09-26 01:13:22,774 - apscheduler.scheduler - INFO - [base.py:507] - Adding job tentatively -- it will be properly scheduled when the scheduler starts
2025-09-26 01:13:23,159 - apscheduler.scheduler - INFO - [base.py:1090] - Added job "cleanup_expired_tokens" to job store "default"
2025-09-26 01:13:23,160 - apscheduler.scheduler - INFO - [base.py:214] - Scheduler started
2025-09-26 01:13:24,145 - apscheduler.scheduler - INFO - [base.py:245] - Scheduler has been shut down
2025-09-26 01:13:29,406 - apscheduler.scheduler - INFO - [base.py:507] - Adding job tentatively -- it will be properly scheduled when the scheduler starts
2025-09-26 01:13:30,116 - apscheduler.scheduler - INFO - [base.py:1090] - Added job "cleanup_expired_tokens" to job store "default"
2025-09-26 01:13:30,117 - apscheduler.scheduler - INFO - [base.py:214] - Scheduler started
2025-09-26 01:13:30,962 - apscheduler.scheduler - INFO - [base.py:245] - Scheduler has been shut down
2025-09-26 01:13:33,509 - apscheduler.scheduler - INFO - [base.py:507] - Adding job tentatively -- it will be properly scheduled when the scheduler starts
2025-09-26 01:13:33,913 - apscheduler.scheduler - INFO - [base.py:1090] - Added job "cleanup_expired_tokens" to job store "default"
2025-09-26 01:13:33,914 - apscheduler.scheduler - INFO - [base.py:214] - Scheduler started
2025-09-26 01:14:46,745 - apscheduler.scheduler - INFO - [base.py:245] - Scheduler has been shut down
2025-09-26 01:14:48,890 - apscheduler.scheduler - INFO - [base.py:507] - Adding job tentatively -- it will be properly scheduled when the scheduler starts
2025-09-26 01:14:49,319 - apscheduler.scheduler - INFO - [base.py:1090] - Added job "cleanup_expired_tokens" to job store "default"
2025-09-26 01:14:49,321 - apscheduler.scheduler - INFO - [base.py:214] - Scheduler started
2025-09-26 01:14:50,945 - apscheduler.scheduler - INFO - [base.py:245] - Scheduler has been shut down
2025-09-26 01:14:52,685 - apscheduler.scheduler - INFO - [base.py:507] - Adding job tentatively -- it will be properly scheduled when the scheduler starts
2025-09-26 01:14:52,948 - apscheduler.scheduler - INFO - [base.py:1090] - Added job "cleanup_expired_tokens" to job store "default"
2025-09-26 01:14:52,950 - apscheduler.scheduler - INFO - [base.py:214] - Scheduler started
2025-09-26 01:14:54,555 - apscheduler.scheduler - INFO - [base.py:245] - Scheduler has been shut down
2025-09-26 01:14:55,962 - apscheduler.scheduler - INFO - [base.py:507] - Adding job tentatively -- it will be properly scheduled when the scheduler starts
2025-09-26 01:14:56,266 - apscheduler.scheduler - INFO - [base.py:1090] - Added job "cleanup_expired_tokens" to job store "default"
2025-09-26 01:14:56,266 - apscheduler.scheduler - INFO - [base.py:214] - Scheduler started
2025-09-26 01:15:19,194 - apscheduler.scheduler - INFO - [base.py:245] - Scheduler has been shut down
2025-09-26 01:15:20,689 - apscheduler.scheduler - INFO - [base.py:507] - Adding job tentatively -- it will be properly scheduled when the scheduler starts
2025-09-26 01:15:21,134 - apscheduler.scheduler - INFO - [base.py:1090] - Added job "cleanup_expired_tokens" to job store "default"
2025-09-26 01:15:21,135 - apscheduler.scheduler - INFO - [base.py:214] - Scheduler started
2025-09-26 01:15:24,149 - apscheduler.scheduler - INFO - [base.py:245] - Scheduler has been shut down
2025-09-26 01:15:26,894 - apscheduler.scheduler - INFO - [base.py:507] - Adding job tentatively -- it will be properly scheduled when the scheduler starts
2025-09-26 01:15:27,313 - apscheduler.scheduler - INFO - [base.py:1090] - Added job "cleanup_expired_tokens" to job store "default"
2025-09-26 01:15:27,314 - apscheduler.scheduler - INFO - [base.py:214] - Scheduler started
2025-09-26 01:15:27,748 - apscheduler.scheduler - INFO - [base.py:245] - Scheduler has been shut down
2025-09-26 01:15:29,443 - apscheduler.scheduler - INFO - [base.py:507] - Adding job tentatively -- it will be properly scheduled when the scheduler starts
2025-09-26 01:15:29,787 - apscheduler.scheduler - INFO - [base.py:1090] - Added job "cleanup_expired_tokens" to job store "default"
2025-09-26 01:15:29,788 - apscheduler.scheduler - INFO - [base.py:214] - Scheduler started
2025-09-26 01:15:34,426 - apscheduler.scheduler - INFO - [base.py:245] - Scheduler has been shut down
2025-09-26 01:15:36,622 - apscheduler.scheduler - INFO - [base.py:507] - Adding job tentatively -- it will be properly scheduled when the scheduler starts
2025-09-26 01:15:37,012 - apscheduler.scheduler - INFO - [base.py:1090] - Added job "cleanup_expired_tokens" to job store "default"
2025-09-26 01:15:37,013 - apscheduler.scheduler - INFO - [base.py:214] - Scheduler started
2025-09-26 01:15:37,668 - apscheduler.scheduler - INFO - [base.py:245] - Scheduler has been shut down
2025-09-26 01:15:39,112 - apscheduler.scheduler - INFO - [base.py:507] - Adding job tentatively -- it will be properly scheduled when the scheduler starts
2025-09-26 01:15:39,373 - apscheduler.scheduler - INFO - [base.py:1090] - Added job "cleanup_expired_tokens" to job store "default"
2025-09-26 01:15:39,375 - apscheduler.scheduler - INFO - [base.py:214] - Scheduler started
2025-09-26 01:15:55,259 - apscheduler.scheduler - INFO - [base.py:245] - Scheduler has been shut down
2025-09-26 01:15:59,368 - apscheduler.scheduler - INFO - [base.py:507] - Adding job tentatively -- it will be properly scheduled when the scheduler starts
2025-09-26 01:15:59,632 - apscheduler.scheduler - INFO - [base.py:1090] - Added job "cleanup_expired_tokens" to job store "default"
2025-09-26 01:15:59,632 - apscheduler.scheduler - INFO - [base.py:214] - Scheduler started
2025-09-26 01:16:03,719 - apscheduler.scheduler - INFO - [base.py:245] - Scheduler has been shut down
2025-09-26 01:16:07,359 - apscheduler.scheduler - INFO - [base.py:507] - Adding job tentatively -- it will be properly scheduled when the scheduler starts
2025-09-26 01:16:07,649 - apscheduler.scheduler - INFO - [base.py:1090] - Added job "cleanup_expired_tokens" to job store "default"
2025-09-26 01:16:07,650 - apscheduler.scheduler - INFO - [base.py:214] - Scheduler started
2025-09-26 01:16:10,139 - apscheduler.scheduler - INFO - [base.py:245] - Scheduler has been shut down
2025-09-26 01:16:12,054 - apscheduler.scheduler - INFO - [base.py:507] - Adding job tentatively -- it will be properly scheduled when the scheduler starts
2025-09-26 01:16:15,644 - apscheduler.scheduler - INFO - [base.py:507] - Adding job tentatively -- it will be properly scheduled when the scheduler starts
2025-09-26 01:16:21,728 - apscheduler.scheduler - INFO - [base.py:507] - Adding job tentatively -- it will be properly scheduled when the scheduler starts
2025-09-26 01:16:22,016 - apscheduler.scheduler - INFO - [base.py:1090] - Added job "cleanup_expired_tokens" to job store "default"
2025-09-26 01:16:22,087 - apscheduler.scheduler - INFO - [base.py:214] - Scheduler started
2025-09-26 01:16:31,687 - apscheduler.scheduler - INFO - [base.py:245] - Scheduler has been shut down
2025-09-26 01:16:35,237 - apscheduler.scheduler - INFO - [base.py:507] - Adding job tentatively -- it will be properly scheduled when the scheduler starts
2025-09-26 01:16:35,563 - apscheduler.scheduler - INFO - [base.py:1090] - Added job "cleanup_expired_tokens" to job store "default"
2025-09-26 01:16:35,563 - apscheduler.scheduler - INFO - [base.py:214] - Scheduler started
2025-09-26 01:16:39,131 - apscheduler.scheduler - INFO - [base.py:245] - Scheduler has been shut down
2025-09-26 01:16:40,778 - apscheduler.scheduler - INFO - [base.py:507] - Adding job tentatively -- it will be properly scheduled when the scheduler starts
2025-09-26 01:16:41,092 - apscheduler.scheduler - INFO - [base.py:1090] - Added job "cleanup_expired_tokens" to job store "default"
2025-09-26 01:16:41,093 - apscheduler.scheduler - INFO - [base.py:214] - Scheduler started
2025-09-26 01:17:53,566 - apscheduler.scheduler - INFO - [base.py:245] - Scheduler has been shut down
2025-09-26 01:17:56,427 - apscheduler.scheduler - INFO - [base.py:507] - Adding job tentatively -- it will be properly scheduled when the scheduler starts
2025-09-26 01:17:56,688 - apscheduler.scheduler - INFO - [base.py:1090] - Added job "cleanup_expired_tokens" to job store "default"
2025-09-26 01:17:56,689 - apscheduler.scheduler - INFO - [base.py:214] - Scheduler started
2025-09-26 01:18:00,228 - apscheduler.scheduler - INFO - [base.py:245] - Scheduler has been shut down
2025-09-26 01:18:01,884 - apscheduler.scheduler - INFO - [base.py:507] - Adding job tentatively -- it will be properly scheduled when the scheduler starts
2025-09-26 01:18:02,171 - apscheduler.scheduler - INFO - [base.py:1090] - Added job "cleanup_expired_tokens" to job store "default"
2025-09-26 01:18:02,172 - apscheduler.scheduler - INFO - [base.py:214] - Scheduler started
2025-09-26 01:18:10,422 - apscheduler.scheduler - INFO - [base.py:245] - Scheduler has been shut down
2025-09-26 01:18:15,377 - apscheduler.scheduler - INFO - [base.py:507] - Adding job tentatively -- it will be properly scheduled when the scheduler starts
2025-09-26 01:18:15,755 - apscheduler.scheduler - INFO - [base.py:1090] - Added job "cleanup_expired_tokens" to job store "default"
2025-09-26 01:18:15,756 - apscheduler.scheduler - INFO - [base.py:214] - Scheduler started
2025-09-26 01:18:28,332 - apscheduler.scheduler - INFO - [base.py:245] - Scheduler has been shut down
2025-09-26 01:18:29,876 - apscheduler.scheduler - INFO - [base.py:507] - Adding job tentatively -- it will be properly scheduled when the scheduler starts
2025-09-26 01:18:30,229 - apscheduler.scheduler - INFO - [base.py:1090] - Added job "cleanup_expired_tokens" to job store "default"
2025-09-26 01:18:30,230 - apscheduler.scheduler - INFO - [base.py:214] - Scheduler started
2025-09-26 01:18:33,044 - apscheduler.scheduler - INFO - [base.py:245] - Scheduler has been shut down
2025-09-26 01:18:35,021 - apscheduler.scheduler - INFO - [base.py:507] - Adding job tentatively -- it will be properly scheduled when the scheduler starts
2025-09-26 01:18:35,405 - apscheduler.scheduler - INFO - [base.py:1090] - Added job "cleanup_expired_tokens" to job store "default"
2025-09-26 01:18:35,406 - apscheduler.scheduler - INFO - [base.py:214] - Scheduler started
2025-09-26 01:18:46,119 - apscheduler.scheduler - INFO - [base.py:245] - Scheduler has been shut down
2025-09-26 01:18:47,883 - apscheduler.scheduler - INFO - [base.py:507] - Adding job tentatively -- it will be properly scheduled when the scheduler starts
2025-09-26 01:18:48,177 - apscheduler.scheduler - INFO - [base.py:1090] - Added job "cleanup_expired_tokens" to job store "default"
2025-09-26 01:18:48,177 - apscheduler.scheduler - INFO - [base.py:214] - Scheduler started
2025-09-26 01:19:04,619 - apscheduler.scheduler - INFO - [base.py:245] - Scheduler has been shut down
2025-09-26 01:19:05,802 - apscheduler.scheduler - INFO - [base.py:507] - Adding job tentatively -- it will be properly scheduled when the scheduler starts
2025-09-26 01:19:06,103 - apscheduler.scheduler - INFO - [base.py:1090] - Added job "cleanup_expired_tokens" to job store "default"
2025-09-26 01:19:06,104 - apscheduler.scheduler - INFO - [base.py:214] - Scheduler started
2025-09-26 01:21:17,176 - apscheduler.scheduler - INFO - [base.py:245] - Scheduler has been shut down
2025-09-26 01:21:18,858 - apscheduler.scheduler - INFO - [base.py:507] - Adding job tentatively -- it will be properly scheduled when the scheduler starts
2025-09-26 01:21:19,217 - apscheduler.scheduler - INFO - [base.py:1090] - Added job "cleanup_expired_tokens" to job store "default"
2025-09-26 01:21:19,218 - apscheduler.scheduler - INFO - [base.py:214] - Scheduler started
2025-09-26 01:21:19,756 - apscheduler.scheduler - INFO - [base.py:245] - Scheduler has been shut down
2025-09-26 01:21:21,280 - apscheduler.scheduler - INFO - [base.py:507] - Adding job tentatively -- it will be properly scheduled when the scheduler starts
2025-09-26 01:21:21,518 - apscheduler.scheduler - INFO - [base.py:1090] - Added job "cleanup_expired_tokens" to job store "default"
2025-09-26 01:21:21,518 - apscheduler.scheduler - INFO - [base.py:214] - Scheduler started
2025-09-26 01:21:22,054 - apscheduler.scheduler - INFO - [base.py:245] - Scheduler has been shut down
2025-09-26 01:21:23,298 - apscheduler.scheduler - INFO - [base.py:507] - Adding job tentatively -- it will be properly scheduled when the scheduler starts
2025-09-26 01:21:23,520 - apscheduler.scheduler - INFO - [base.py:1090] - Added job "cleanup_expired_tokens" to job store "default"
2025-09-26 01:21:23,521 - apscheduler.scheduler - INFO - [base.py:214] - Scheduler started
2025-09-26 01:21:25,583 - apscheduler.scheduler - INFO - [base.py:245] - Scheduler has been shut down
2025-09-26 01:21:28,383 - apscheduler.scheduler - INFO - [base.py:507] - Adding job tentatively -- it will be properly scheduled when the scheduler starts
2025-09-26 01:21:28,606 - apscheduler.scheduler - INFO - [base.py:1090] - Added job "cleanup_expired_tokens" to job store "default"
2025-09-26 01:21:28,606 - apscheduler.scheduler - INFO - [base.py:214] - Scheduler started
2025-09-26 01:21:32,120 - apscheduler.scheduler - INFO - [base.py:245] - Scheduler has been shut down
2025-09-26 01:21:33,462 - apscheduler.scheduler - INFO - [base.py:507] - Adding job tentatively -- it will be properly scheduled when the scheduler starts
2025-09-26 01:21:33,770 - apscheduler.scheduler - INFO - [base.py:1090] - Added job "cleanup_expired_tokens" to job store "default"
2025-09-26 01:21:33,772 - apscheduler.scheduler - INFO - [base.py:214] - Scheduler started
2025-09-26 01:21:34,424 - apscheduler.scheduler - INFO - [base.py:245] - Scheduler has been shut down
2025-09-26 01:21:37,335 - apscheduler.scheduler - INFO - [base.py:507] - Adding job tentatively -- it will be properly scheduled when the scheduler starts
2025-09-26 01:21:37,694 - apscheduler.scheduler - INFO - [base.py:1090] - Added job "cleanup_expired_tokens" to job store "default"
2025-09-26 01:21:37,695 - apscheduler.scheduler - INFO - [base.py:214] - Scheduler started
2025-09-26 01:21:39,839 - apscheduler.scheduler - INFO - [base.py:245] - Scheduler has been shut down
2025-09-26 01:21:41,544 - apscheduler.scheduler - INFO - [base.py:507] - Adding job tentatively -- it will be properly scheduled when the scheduler starts
2025-09-26 01:21:42,029 - apscheduler.scheduler - INFO - [base.py:1090] - Added job "cleanup_expired_tokens" to job store "default"
2025-09-26 01:21:42,030 - apscheduler.scheduler - INFO - [base.py:214] - Scheduler started
2025-09-26 01:21:44,267 - apscheduler.scheduler - INFO - [base.py:245] - Scheduler has been shut down
2025-09-26 01:21:47,782 - apscheduler.scheduler - INFO - [base.py:507] - Adding job tentatively -- it will be properly scheduled when the scheduler starts
2025-09-26 01:21:48,727 - apscheduler.scheduler - INFO - [base.py:1090] - Added job "cleanup_expired_tokens" to job store "default"
2025-09-26 01:21:48,729 - apscheduler.scheduler - INFO - [base.py:214] - Scheduler started
2025-09-26 01:21:52,143 - apscheduler.scheduler - INFO - [base.py:245] - Scheduler has been shut down
2025-09-26 01:22:02,374 - apscheduler.scheduler - INFO - [base.py:507] - Adding job tentatively -- it will be properly scheduled when the scheduler starts
2025-09-26 01:22:02,644 - apscheduler.scheduler - INFO - [base.py:1090] - Added job "cleanup_expired_tokens" to job store "default"
2025-09-26 01:22:02,645 - apscheduler.scheduler - INFO - [base.py:214] - Scheduler started
2025-09-26 01:23:08,609 - apscheduler.scheduler - INFO - [base.py:245] - Scheduler has been shut down
2025-09-26 01:23:11,589 - apscheduler.scheduler - INFO - [base.py:507] - Adding job tentatively -- it will be properly scheduled when the scheduler starts
2025-09-26 01:23:17,477 - apscheduler.scheduler - INFO - [base.py:507] - Adding job tentatively -- it will be properly scheduled when the scheduler starts
2025-09-26 01:23:17,676 - apscheduler.scheduler - INFO - [base.py:1090] - Added job "cleanup_expired_tokens" to job store "default"
2025-09-26 01:23:17,677 - apscheduler.scheduler - INFO - [base.py:214] - Scheduler started
2025-09-26 01:23:52,729 - apscheduler.scheduler - INFO - [base.py:245] - Scheduler has been shut down
2025-09-26 01:23:55,970 - apscheduler.scheduler - INFO - [base.py:507] - Adding job tentatively -- it will be properly scheduled when the scheduler starts
2025-09-26 01:23:56,214 - apscheduler.scheduler - INFO - [base.py:1090] - Added job "cleanup_expired_tokens" to job store "default"
2025-09-26 01:23:56,215 - apscheduler.scheduler - INFO - [base.py:214] - Scheduler started
2025-09-26 01:24:21,686 - apscheduler.scheduler - INFO - [base.py:245] - Scheduler has been shut down
2025-09-26 01:24:23,209 - apscheduler.scheduler - INFO - [base.py:507] - Adding job tentatively -- it will be properly scheduled when the scheduler starts
2025-09-26 01:24:23,529 - apscheduler.scheduler - INFO - [base.py:1090] - Added job "cleanup_expired_tokens" to job store "default"
2025-09-26 01:24:23,530 - apscheduler.scheduler - INFO - [base.py:214] - Scheduler started
2025-09-26 01:24:57,219 - apscheduler.scheduler - INFO - [base.py:245] - Scheduler has been shut down
2025-09-26 01:24:58,446 - apscheduler.scheduler - INFO - [base.py:507] - Adding job tentatively -- it will be properly scheduled when the scheduler starts
2025-09-26 01:24:58,741 - apscheduler.scheduler - INFO - [base.py:1090] - Added job "cleanup_expired_tokens" to job store "default"
2025-09-26 01:24:58,742 - apscheduler.scheduler - INFO - [base.py:214] - Scheduler started
2025-09-26 01:25:14,089 - apscheduler.scheduler - INFO - [base.py:245] - Scheduler has been shut down
2025-09-26 01:25:17,916 - apscheduler.scheduler - INFO - [base.py:507] - Adding job tentatively -- it will be properly scheduled when the scheduler starts
2025-09-26 01:25:24,811 - apscheduler.scheduler - INFO - [base.py:507] - Adding job tentatively -- it will be properly scheduled when the scheduler starts
2025-09-26 01:25:34,258 - apscheduler.scheduler - INFO - [base.py:507] - Adding job tentatively -- it will be properly scheduled when the scheduler starts
2025-09-26 01:25:34,566 - apscheduler.scheduler - INFO - [base.py:1090] - Added job "cleanup_expired_tokens" to job store "default"
2025-09-26 01:25:34,567 - apscheduler.scheduler - INFO - [base.py:214] - Scheduler started
2025-09-26 01:26:26,714 - apscheduler.scheduler - INFO - [base.py:245] - Scheduler has been shut down
2025-09-26 01:26:30,033 - apscheduler.scheduler - INFO - [base.py:507] - Adding job tentatively -- it will be properly scheduled when the scheduler starts
2025-09-26 01:26:30,301 - apscheduler.scheduler - INFO - [base.py:1090] - Added job "cleanup_expired_tokens" to job store "default"
2025-09-26 01:26:30,302 - apscheduler.scheduler - INFO - [base.py:214] - Scheduler started
2025-09-26 01:26:50,397 - apscheduler.scheduler - INFO - [base.py:245] - Scheduler has been shut down
2025-09-26 01:26:55,924 - apscheduler.scheduler - INFO - [base.py:507] - Adding job tentatively -- it will be properly scheduled when the scheduler starts
2025-09-26 01:27:02,707 - apscheduler.scheduler - INFO - [base.py:507] - Adding job tentatively -- it will be properly scheduled when the scheduler starts
2025-09-26 01:27:09,763 - apscheduler.scheduler - INFO - [base.py:507] - Adding job tentatively -- it will be properly scheduled when the scheduler starts
2025-09-26 01:27:13,967 - apscheduler.scheduler - INFO - [base.py:507] - Adding job tentatively -- it will be properly scheduled when the scheduler starts
2025-09-26 01:27:21,025 - apscheduler.scheduler - INFO - [base.py:507] - Adding job tentatively -- it will be properly scheduled when the scheduler starts
2025-09-26 01:27:26,220 - apscheduler.scheduler - INFO - [base.py:507] - Adding job tentatively -- it will be properly scheduled when the scheduler starts
2025-09-26 01:27:26,502 - apscheduler.scheduler - INFO - [base.py:1090] - Added job "cleanup_expired_tokens" to job store "default"
2025-09-26 01:27:26,503 - apscheduler.scheduler - INFO - [base.py:214] - Scheduler started
2025-09-26 01:27:28,032 - apscheduler.scheduler - INFO - [base.py:245] - Scheduler has been shut down
2025-09-26 01:27:30,205 - apscheduler.scheduler - INFO - [base.py:507] - Adding job tentatively -- it will be properly scheduled when the scheduler starts
2025-09-26 01:27:30,741 - apscheduler.scheduler - INFO - [base.py:1090] - Added job "cleanup_expired_tokens" to job store "default"
2025-09-26 01:27:30,743 - apscheduler.scheduler - INFO - [base.py:214] - Scheduler started
2025-09-26 01:27:31,607 - apscheduler.scheduler - INFO - [base.py:245] - Scheduler has been shut down
2025-09-26 01:27:33,758 - apscheduler.scheduler - INFO - [base.py:507] - Adding job tentatively -- it will be properly scheduled when the scheduler starts
2025-09-26 01:27:34,359 - apscheduler.scheduler - INFO - [base.py:1090] - Added job "cleanup_expired_tokens" to job store "default"
2025-09-26 01:27:34,360 - apscheduler.scheduler - INFO - [base.py:214] - Scheduler started
2025-09-26 01:27:36,096 - apscheduler.scheduler - INFO - [base.py:245] - Scheduler has been shut down
2025-09-26 01:27:38,296 - apscheduler.scheduler - INFO - [base.py:507] - Adding job tentatively -- it will be properly scheduled when the scheduler starts
2025-09-26 01:27:38,656 - apscheduler.scheduler - INFO - [base.py:1090] - Added job "cleanup_expired_tokens" to job store "default"
2025-09-26 01:27:38,657 - apscheduler.scheduler - INFO - [base.py:214] - Scheduler started
2025-09-26 01:27:55,471 - apscheduler.scheduler - INFO - [base.py:245] - Scheduler has been shut down
2025-09-26 01:28:00,760 - apscheduler.scheduler - INFO - [base.py:507] - Adding job tentatively -- it will be properly scheduled when the scheduler starts
2025-09-26 01:28:01,072 - apscheduler.scheduler - INFO - [base.py:1090] - Added job "cleanup_expired_tokens" to job store "default"
2025-09-26 01:28:01,073 - apscheduler.scheduler - INFO - [base.py:214] - Scheduler started
2025-09-26 01:29:05,189 - apscheduler.scheduler - INFO - [base.py:245] - Scheduler has been shut down
2025-09-26 01:29:08,290 - apscheduler.scheduler - INFO - [base.py:507] - Adding job tentatively -- it will be properly scheduled when the scheduler starts
2025-09-26 01:29:08,771 - apscheduler.scheduler - INFO - [base.py:1090] - Added job "cleanup_expired_tokens" to job store "default"
2025-09-26 01:29:08,772 - apscheduler.scheduler - INFO - [base.py:214] - Scheduler started
2025-09-26 01:29:21,703 - apscheduler.scheduler - INFO - [base.py:245] - Scheduler has been shut down
2025-09-26 01:29:24,154 - apscheduler.scheduler - INFO - [base.py:507] - Adding job tentatively -- it will be properly scheduled when the scheduler starts
2025-09-26 01:29:24,510 - apscheduler.scheduler - INFO - [base.py:1090] - Added job "cleanup_expired_tokens" to job store "default"
2025-09-26 01:29:24,511 - apscheduler.scheduler - INFO - [base.py:214] - Scheduler started
2025-09-26 01:29:30,277 - apscheduler.scheduler - INFO - [base.py:245] - Scheduler has been shut down
2025-09-26 01:29:32,284 - apscheduler.scheduler - INFO - [base.py:507] - Adding job tentatively -- it will be properly scheduled when the scheduler starts
2025-09-26 01:29:32,730 - apscheduler.scheduler - INFO - [base.py:1090] - Added job "cleanup_expired_tokens" to job store "default"
2025-09-26 01:29:32,731 - apscheduler.scheduler - INFO - [base.py:214] - Scheduler started
2025-09-26 01:29:41,790 - apscheduler.scheduler - INFO - [base.py:245] - Scheduler has been shut down
2025-09-26 01:29:44,250 - apscheduler.scheduler - INFO - [base.py:507] - Adding job tentatively -- it will be properly scheduled when the scheduler starts
2025-09-26 01:29:44,517 - apscheduler.scheduler - INFO - [base.py:1090] - Added job "cleanup_expired_tokens" to job store "default"
2025-09-26 01:29:44,518 - apscheduler.scheduler - INFO - [base.py:214] - Scheduler started
2025-09-26 01:31:47,327 - apscheduler.scheduler - INFO - [base.py:245] - Scheduler has been shut down
2025-09-26 01:31:49,758 - apscheduler.scheduler - INFO - [base.py:507] - Adding job tentatively -- it will be properly scheduled when the scheduler starts
2025-09-26 01:31:54,564 - apscheduler.scheduler - INFO - [base.py:507] - Adding job tentatively -- it will be properly scheduled when the scheduler starts
2025-09-26 01:31:57,287 - apscheduler.scheduler - INFO - [base.py:507] - Adding job tentatively -- it will be properly scheduled when the scheduler starts
2025-09-26 01:32:09,902 - apscheduler.scheduler - INFO - [base.py:507] - Adding job tentatively -- it will be properly scheduled when the scheduler starts
2025-09-26 01:32:13,760 - apscheduler.scheduler - INFO - [base.py:507] - Adding job tentatively -- it will be properly scheduled when the scheduler starts
2025-09-26 01:32:19,262 - apscheduler.scheduler - INFO - [base.py:507] - Adding job tentatively -- it will be properly scheduled when the scheduler starts
2025-09-26 01:32:24,593 - apscheduler.scheduler - INFO - [base.py:507] - Adding job tentatively -- it will be properly scheduled when the scheduler starts
2025-09-26 01:33:06,739 - apscheduler.scheduler - INFO - [base.py:507] - Adding job tentatively -- it will be properly scheduled when the scheduler starts
2025-09-26 01:33:29,116 - apscheduler.scheduler - INFO - [base.py:507] - Adding job tentatively -- it will be properly scheduled when the scheduler starts
2025-09-26 01:33:29,626 - apscheduler.scheduler - INFO - [base.py:1090] - Added job "cleanup_expired_tokens" to job store "default"
2025-09-26 01:33:29,627 - apscheduler.scheduler - INFO - [base.py:214] - Scheduler started
2025-09-26 01:33:30,072 - apscheduler.scheduler - INFO - [base.py:245] - Scheduler has been shut down
2025-09-26 01:33:31,764 - apscheduler.scheduler - INFO - [base.py:507] - Adding job tentatively -- it will be properly scheduled when the scheduler starts
2025-09-26 01:33:32,021 - apscheduler.scheduler - INFO - [base.py:1090] - Added job "cleanup_expired_tokens" to job store "default"
2025-09-26 01:33:32,022 - apscheduler.scheduler - INFO - [base.py:214] - Scheduler started
2025-09-26 01:33:47,992 - apscheduler.scheduler - INFO - [base.py:245] - Scheduler has been shut down
2025-09-26 01:33:50,536 - apscheduler.scheduler - INFO - [base.py:507] - Adding job tentatively -- it will be properly scheduled when the scheduler starts
2025-09-26 01:33:51,080 - apscheduler.scheduler - INFO - [base.py:1090] - Added job "cleanup_expired_tokens" to job store "default"
2025-09-26 01:33:51,081 - apscheduler.scheduler - INFO - [base.py:214] - Scheduler started
2025-09-26 01:33:51,718 - apscheduler.scheduler - INFO - [base.py:245] - Scheduler has been shut down
2025-09-26 01:33:54,665 - apscheduler.scheduler - INFO - [base.py:507] - Adding job tentatively -- it will be properly scheduled when the scheduler starts
2025-09-26 01:33:55,183 - apscheduler.scheduler - INFO - [base.py:1090] - Added job "cleanup_expired_tokens" to job store "default"
2025-09-26 01:33:55,185 - apscheduler.scheduler - INFO - [base.py:214] - Scheduler started
2025-09-26 01:34:31,766 - apscheduler.scheduler - INFO - [base.py:245] - Scheduler has been shut down
2025-09-26 01:34:35,015 - apscheduler.scheduler - INFO - [base.py:507] - Adding job tentatively -- it will be properly scheduled when the scheduler starts
2025-09-26 01:34:35,297 - apscheduler.scheduler - INFO - [base.py:1090] - Added job "cleanup_expired_tokens" to job store "default"
2025-09-26 01:34:35,298 - apscheduler.scheduler - INFO - [base.py:214] - Scheduler started
2025-09-26 01:35:20,907 - apscheduler.scheduler - INFO - [base.py:245] - Scheduler has been shut down
2025-09-26 01:35:22,727 - apscheduler.scheduler - INFO - [base.py:507] - Adding job tentatively -- it will be properly scheduled when the scheduler starts
2025-09-26 01:35:23,151 - apscheduler.scheduler - INFO - [base.py:1090] - Added job "cleanup_expired_tokens" to job store "default"
2025-09-26 01:35:23,152 - apscheduler.scheduler - INFO - [base.py:214] - Scheduler started
2025-09-26 01:35:23,903 - apscheduler.scheduler - INFO - [base.py:245] - Scheduler has been shut down
2025-09-26 01:35:25,638 - apscheduler.scheduler - INFO - [base.py:507] - Adding job tentatively -- it will be properly scheduled when the scheduler starts
2025-09-26 01:35:25,922 - apscheduler.scheduler - INFO - [base.py:1090] - Added job "cleanup_expired_tokens" to job store "default"
2025-09-26 01:35:25,923 - apscheduler.scheduler - INFO - [base.py:214] - Scheduler started
2025-09-26 01:35:32,391 - apscheduler.scheduler - INFO - [base.py:245] - Scheduler has been shut down
2025-09-26 01:35:39,398 - apscheduler.scheduler - INFO - [base.py:507] - Adding job tentatively -- it will be properly scheduled when the scheduler starts
2025-09-26 01:35:39,728 - apscheduler.scheduler - INFO - [base.py:1090] - Added job "cleanup_expired_tokens" to job store "default"
2025-09-26 01:35:39,729 - apscheduler.scheduler - INFO - [base.py:214] - Scheduler started
2025-09-26 01:35:44,580 - apscheduler.scheduler - INFO - [base.py:245] - Scheduler has been shut down
2025-09-26 01:35:45,956 - apscheduler.scheduler - INFO - [base.py:507] - Adding job tentatively -- it will be properly scheduled when the scheduler starts
2025-09-26 01:35:46,215 - apscheduler.scheduler - INFO - [base.py:1090] - Added job "cleanup_expired_tokens" to job store "default"
2025-09-26 01:35:46,216 - apscheduler.scheduler - INFO - [base.py:214] - Scheduler started
2025-09-26 01:36:12,654 - apscheduler.scheduler - INFO - [base.py:245] - Scheduler has been shut down
2025-09-26 01:36:14,628 - apscheduler.scheduler - INFO - [base.py:507] - Adding job tentatively -- it will be properly scheduled when the scheduler starts
2025-09-26 01:36:14,952 - apscheduler.scheduler - INFO - [base.py:1090] - Added job "cleanup_expired_tokens" to job store "default"
2025-09-26 01:36:14,954 - apscheduler.scheduler - INFO - [base.py:214] - Scheduler started
2025-09-26 01:36:48,572 - apscheduler.scheduler - INFO - [base.py:245] - Scheduler has been shut down
2025-09-26 01:36:51,165 - apscheduler.scheduler - INFO - [base.py:507] - Adding job tentatively -- it will be properly scheduled when the scheduler starts
2025-09-26 01:36:51,681 - apscheduler.scheduler - INFO - [base.py:1090] - Added job "cleanup_expired_tokens" to job store "default"
2025-09-26 01:36:51,682 - apscheduler.scheduler - INFO - [base.py:214] - Scheduler started
2025-09-26 01:36:52,222 - apscheduler.scheduler - INFO - [base.py:245] - Scheduler has been shut down
2025-09-26 01:36:54,279 - apscheduler.scheduler - INFO - [base.py:507] - Adding job tentatively -- it will be properly scheduled when the scheduler starts
2025-09-26 01:36:54,617 - apscheduler.scheduler - INFO - [base.py:1090] - Added job "cleanup_expired_tokens" to job store "default"
2025-09-26 01:36:54,618 - apscheduler.scheduler - INFO - [base.py:214] - Scheduler started
2025-09-26 01:38:37,791 - apscheduler.scheduler - INFO - [base.py:245] - Scheduler has been shut down
2025-09-26 01:38:39,887 - apscheduler.scheduler - INFO - [base.py:507] - Adding job tentatively -- it will be properly scheduled when the scheduler starts
2025-09-26 01:38:40,143 - apscheduler.scheduler - INFO - [base.py:1090] - Added job "cleanup_expired_tokens" to job store "default"
2025-09-26 01:38:40,144 - apscheduler.scheduler - INFO - [base.py:214] - Scheduler started
2025-09-26 01:38:57,636 - apscheduler.scheduler - INFO - [base.py:245] - Scheduler has been shut down
2025-09-26 01:38:59,445 - apscheduler.scheduler - INFO - [base.py:507] - Adding job tentatively -- it will be properly scheduled when the scheduler starts
2025-09-26 01:38:59,743 - apscheduler.scheduler - INFO - [base.py:1090] - Added job "cleanup_expired_tokens" to job store "default"
2025-09-26 01:38:59,744 - apscheduler.scheduler - INFO - [base.py:214] - Scheduler started
2025-09-26 01:40:42,752 - apscheduler.scheduler - INFO - [base.py:245] - Scheduler has been shut down
2025-09-26 01:40:44,989 - apscheduler.scheduler - INFO - [base.py:507] - Adding job tentatively -- it will be properly scheduled when the scheduler starts
2025-09-26 01:40:45,374 - apscheduler.scheduler - INFO - [base.py:1090] - Added job "cleanup_expired_tokens" to job store "default"
2025-09-26 01:40:45,375 - apscheduler.scheduler - INFO - [base.py:214] - Scheduler started
2025-09-26 01:40:48,393 - apscheduler.scheduler - INFO - [base.py:245] - Scheduler has been shut down
2025-09-26 01:40:50,110 - apscheduler.scheduler - INFO - [base.py:507] - Adding job tentatively -- it will be properly scheduled when the scheduler starts
2025-09-26 01:40:57,476 - apscheduler.scheduler - INFO - [base.py:507] - Adding job tentatively -- it will be properly scheduled when the scheduler starts
2025-09-26 01:40:57,725 - apscheduler.scheduler - INFO - [base.py:1090] - Added job "cleanup_expired_tokens" to job store "default"
2025-09-26 01:40:57,726 - apscheduler.scheduler - INFO - [base.py:214] - Scheduler started
2025-09-26 01:41:29,108 - apscheduler.scheduler - INFO - [base.py:245] - Scheduler has been shut down
2025-09-26 01:41:30,646 - apscheduler.scheduler - INFO - [base.py:507] - Adding job tentatively -- it will be properly scheduled when the scheduler starts
2025-09-26 01:41:30,887 - apscheduler.scheduler - INFO - [base.py:1090] - Added job "cleanup_expired_tokens" to job store "default"
2025-09-26 01:41:30,888 - apscheduler.scheduler - INFO - [base.py:214] - Scheduler started
2025-09-26 01:41:44,014 - apscheduler.scheduler - INFO - [base.py:245] - Scheduler has been shut down
2025-09-26 01:41:45,386 - apscheduler.scheduler - INFO - [base.py:507] - Adding job tentatively -- it will be properly scheduled when the scheduler starts
2025-09-26 01:41:45,632 - apscheduler.scheduler - INFO - [base.py:1090] - Added job "cleanup_expired_tokens" to job store "default"
2025-09-26 01:41:45,633 - apscheduler.scheduler - INFO - [base.py:214] - Scheduler started
2025-09-26 01:42:49,774 - apscheduler.scheduler - INFO - [base.py:245] - Scheduler has been shut down
2025-09-26 01:42:51,668 - apscheduler.scheduler - INFO - [base.py:507] - Adding job tentatively -- it will be properly scheduled when the scheduler starts
2025-09-26 01:42:51,951 - apscheduler.scheduler - INFO - [base.py:1090] - Added job "cleanup_expired_tokens" to job store "default"
2025-09-26 01:42:51,952 - apscheduler.scheduler - INFO - [base.py:214] - Scheduler started
2025-09-26 01:42:52,283 - apscheduler.scheduler - INFO - [base.py:245] - Scheduler has been shut down
2025-09-26 01:42:53,740 - apscheduler.scheduler - INFO - [base.py:507] - Adding job tentatively -- it will be properly scheduled when the scheduler starts
2025-09-26 01:42:53,982 - apscheduler.scheduler - INFO - [base.py:1090] - Added job "cleanup_expired_tokens" to job store "default"
2025-09-26 01:42:53,983 - apscheduler.scheduler - INFO - [base.py:214] - Scheduler started
2025-09-26 01:43:04,822 - apscheduler.scheduler - INFO - [base.py:245] - Scheduler has been shut down
2025-09-26 01:43:06,528 - apscheduler.scheduler - INFO - [base.py:507] - Adding job tentatively -- it will be properly scheduled when the scheduler starts
2025-09-26 01:43:12,481 - apscheduler.scheduler - INFO - [base.py:507] - Adding job tentatively -- it will be properly scheduled when the scheduler starts
2025-09-26 01:43:12,740 - apscheduler.scheduler - INFO - [base.py:1090] - Added job "cleanup_expired_tokens" to job store "default"
2025-09-26 01:43:12,741 - apscheduler.scheduler - INFO - [base.py:214] - Scheduler started
2025-09-26 01:43:26,700 - apscheduler.scheduler - INFO - [base.py:245] - Scheduler has been shut down
2025-09-26 01:43:29,609 - apscheduler.scheduler - INFO - [base.py:507] - Adding job tentatively -- it will be properly scheduled when the scheduler starts
2025-09-26 01:43:29,887 - apscheduler.scheduler - INFO - [base.py:1090] - Added job "cleanup_expired_tokens" to job store "default"
2025-09-26 01:43:29,888 - apscheduler.scheduler - INFO - [base.py:214] - Scheduler started
2025-09-26 01:44:15,022 - apscheduler.scheduler - INFO - [base.py:245] - Scheduler has been shut down
2025-09-26 01:44:16,967 - apscheduler.scheduler - INFO - [base.py:507] - Adding job tentatively -- it will be properly scheduled when the scheduler starts
2025-09-26 01:44:17,268 - apscheduler.scheduler - INFO - [base.py:1090] - Added job "cleanup_expired_tokens" to job store "default"
2025-09-26 01:44:17,269 - apscheduler.scheduler - INFO - [base.py:214] - Scheduler started
2025-09-26 01:47:19,198 - apscheduler.scheduler - INFO - [base.py:245] - Scheduler has been shut down
2025-09-26 01:47:20,973 - apscheduler.scheduler - INFO - [base.py:507] - Adding job tentatively -- it will be properly scheduled when the scheduler starts
2025-09-26 01:47:21,221 - apscheduler.scheduler - INFO - [base.py:1090] - Added job "cleanup_expired_tokens" to job store "default"
2025-09-26 01:47:21,221 - apscheduler.scheduler - INFO - [base.py:214] - Scheduler started
2025-09-26 01:47:37,635 - apscheduler.scheduler - INFO - [base.py:245] - Scheduler has been shut down
2025-09-26 01:47:39,379 - apscheduler.scheduler - INFO - [base.py:507] - Adding job tentatively -- it will be properly scheduled when the scheduler starts
2025-09-26 01:47:39,759 - apscheduler.scheduler - INFO - [base.py:1090] - Added job "cleanup_expired_tokens" to job store "default"
2025-09-26 01:47:39,759 - apscheduler.scheduler - INFO - [base.py:214] - Scheduler started
2025-09-26 01:47:43,293 - apscheduler.scheduler - INFO - [base.py:245] - Scheduler has been shut down
2025-09-26 01:47:45,552 - apscheduler.scheduler - INFO - [base.py:507] - Adding job tentatively -- it will be properly scheduled when the scheduler starts
2025-09-26 01:47:45,916 - apscheduler.scheduler - INFO - [base.py:1090] - Added job "cleanup_expired_tokens" to job store "default"
2025-09-26 01:47:45,917 - apscheduler.scheduler - INFO - [base.py:214] - Scheduler started
2025-09-26 01:47:55,555 - apscheduler.scheduler - INFO - [base.py:245] - Scheduler has been shut down
2025-09-26 01:47:57,252 - apscheduler.scheduler - INFO - [base.py:507] - Adding job tentatively -- it will be properly scheduled when the scheduler starts
2025-09-26 01:47:57,557 - apscheduler.scheduler - INFO - [base.py:1090] - Added job "cleanup_expired_tokens" to job store "default"
2025-09-26 01:47:57,558 - apscheduler.scheduler - INFO - [base.py:214] - Scheduler started
2025-09-26 01:49:49,071 - apscheduler.scheduler - INFO - [base.py:245] - Scheduler has been shut down
2025-09-26 01:49:50,755 - apscheduler.scheduler - INFO - [base.py:507] - Adding job tentatively -- it will be properly scheduled when the scheduler starts
2025-09-26 01:49:50,987 - apscheduler.scheduler - INFO - [base.py:1090] - Added job "cleanup_expired_tokens" to job store "default"
2025-09-26 01:49:50,988 - apscheduler.scheduler - INFO - [base.py:214] - Scheduler started
2025-09-26 01:49:53,671 - apscheduler.scheduler - INFO - [base.py:245] - Scheduler has been shut down
2025-09-26 01:49:55,180 - apscheduler.scheduler - INFO - [base.py:507] - Adding job tentatively -- it will be properly scheduled when the scheduler starts
2025-09-26 01:49:55,458 - apscheduler.scheduler - INFO - [base.py:1090] - Added job "cleanup_expired_tokens" to job store "default"
2025-09-26 01:49:55,459 - apscheduler.scheduler - INFO - [base.py:214] - Scheduler started
2025-09-26 01:50:09,711 - apscheduler.scheduler - INFO - [base.py:245] - Scheduler has been shut down
2025-09-26 01:50:12,063 - apscheduler.scheduler - INFO - [base.py:507] - Adding job tentatively -- it will be properly scheduled when the scheduler starts
2025-09-26 01:50:15,255 - apscheduler.scheduler - INFO - [base.py:507] - Adding job tentatively -- it will be properly scheduled when the scheduler starts
2025-09-26 01:50:15,782 - apscheduler.scheduler - INFO - [base.py:1090] - Added job "cleanup_expired_tokens" to job store "default"
2025-09-26 01:50:15,784 - apscheduler.scheduler - INFO - [base.py:214] - Scheduler started
2025-09-26 01:50:37,776 - apscheduler.scheduler - INFO - [base.py:245] - Scheduler has been shut down
2025-09-26 01:50:45,813 - apscheduler.scheduler - INFO - [base.py:507] - Adding job tentatively -- it will be properly scheduled when the scheduler starts
2025-09-26 01:50:49,513 - apscheduler.scheduler - INFO - [base.py:507] - Adding job tentatively -- it will be properly scheduled when the scheduler starts
2025-09-26 01:50:55,107 - apscheduler.scheduler - INFO - [base.py:507] - Adding job tentatively -- it will be properly scheduled when the scheduler starts
2025-09-26 01:51:01,646 - apscheduler.scheduler - INFO - [base.py:507] - Adding job tentatively -- it will be properly scheduled when the scheduler starts
2025-09-26 01:51:07,179 - apscheduler.scheduler - INFO - [base.py:507] - Adding job tentatively -- it will be properly scheduled when the scheduler starts
2025-09-26 01:51:07,599 - apscheduler.scheduler - INFO - [base.py:1090] - Added job "cleanup_expired_tokens" to job store "default"
2025-09-26 01:51:07,601 - apscheduler.scheduler - INFO - [base.py:214] - Scheduler started
2025-09-26 01:51:15,228 - apscheduler.scheduler - INFO - [base.py:245] - Scheduler has been shut down
2025-09-26 01:51:17,083 - apscheduler.scheduler - INFO - [base.py:507] - Adding job tentatively -- it will be properly scheduled when the scheduler starts
2025-09-26 01:51:17,406 - apscheduler.scheduler - INFO - [base.py:1090] - Added job "cleanup_expired_tokens" to job store "default"
2025-09-26 01:51:17,407 - apscheduler.scheduler - INFO - [base.py:214] - Scheduler started
2025-09-26 01:54:28,405 - apscheduler.scheduler - INFO - [base.py:245] - Scheduler has been shut down
2025-09-26 01:54:30,076 - apscheduler.scheduler - INFO - [base.py:507] - Adding job tentatively -- it will be properly scheduled when the scheduler starts
2025-09-26 01:54:30,384 - apscheduler.scheduler - INFO - [base.py:1090] - Added job "cleanup_expired_tokens" to job store "default"
2025-09-26 01:54:30,385 - apscheduler.scheduler - INFO - [base.py:214] - Scheduler started
2025-09-26 01:54:32,646 - apscheduler.scheduler - INFO - [base.py:245] - Scheduler has been shut down
2025-09-26 01:54:33,831 - apscheduler.scheduler - INFO - [base.py:507] - Adding job tentatively -- it will be properly scheduled when the scheduler starts
2025-09-26 01:54:34,049 - apscheduler.scheduler - INFO - [base.py:1090] - Added job "cleanup_expired_tokens" to job store "default"
2025-09-26 01:54:34,050 - apscheduler.scheduler - INFO - [base.py:214] - Scheduler started
2025-09-26 01:57:21,061 - apscheduler.scheduler - INFO - [base.py:245] - Scheduler has been shut down
2025-09-26 01:57:23,476 - apscheduler.scheduler - INFO - [base.py:507] - Adding job tentatively -- it will be properly scheduled when the scheduler starts
2025-09-26 01:57:23,879 - apscheduler.scheduler - INFO - [base.py:1090] - Added job "cleanup_expired_tokens" to job store "default"
2025-09-26 01:57:23,881 - apscheduler.scheduler - INFO - [base.py:214] - Scheduler started
2025-09-26 01:57:24,549 - apscheduler.scheduler - INFO - [base.py:245] - Scheduler has been shut down
2025-09-26 01:57:26,553 - apscheduler.scheduler - INFO - [base.py:507] - Adding job tentatively -- it will be properly scheduled when the scheduler starts
2025-09-26 01:57:30,449 - apscheduler.scheduler - INFO - [base.py:507] - Adding job tentatively -- it will be properly scheduled when the scheduler starts
2025-09-26 01:57:30,754 - apscheduler.scheduler - INFO - [base.py:1090] - Added job "cleanup_expired_tokens" to job store "default"
2025-09-26 01:57:30,755 - apscheduler.scheduler - INFO - [base.py:214] - Scheduler started
2025-09-26 01:58:39,732 - apscheduler.scheduler - INFO - [base.py:245] - Scheduler has been shut down
2025-09-26 01:58:41,060 - apscheduler.scheduler - INFO - [base.py:507] - Adding job tentatively -- it will be properly scheduled when the scheduler starts
2025-09-26 01:58:41,371 - apscheduler.scheduler - INFO - [base.py:1090] - Added job "cleanup_expired_tokens" to job store "default"
2025-09-26 01:58:41,371 - apscheduler.scheduler - INFO - [base.py:214] - Scheduler started
2025-09-26 01:58:51,335 - apscheduler.scheduler - INFO - [base.py:245] - Scheduler has been shut down
2025-09-26 01:58:54,047 - apscheduler.scheduler - INFO - [base.py:507] - Adding job tentatively -- it will be properly scheduled when the scheduler starts
2025-09-26 01:58:54,606 - apscheduler.scheduler - INFO - [base.py:1090] - Added job "cleanup_expired_tokens" to job store "default"
2025-09-26 01:58:54,607 - apscheduler.scheduler - INFO - [base.py:214] - Scheduler started
2025-09-26 01:58:56,863 - apscheduler.scheduler - INFO - [base.py:245] - Scheduler has been shut down
2025-09-26 01:58:59,740 - apscheduler.scheduler - INFO - [base.py:507] - Adding job tentatively -- it will be properly scheduled when the scheduler starts
2025-09-26 01:59:00,200 - apscheduler.scheduler - INFO - [base.py:1090] - Added job "cleanup_expired_tokens" to job store "default"
2025-09-26 01:59:00,201 - apscheduler.scheduler - INFO - [base.py:214] - Scheduler started
2025-09-26 02:00:12,092 - apscheduler.scheduler - INFO - [base.py:245] - Scheduler has been shut down
